ISO-10303-21;
HEADER;
FILE_DESCRIPTION(('FreeCAD Model'),'2;1');
FILE_NAME('Open CASCADE Shape Model','2026-10-05T13:26:34',('FreeCAD'),(
    'FreeCAD'),'Open CASCADE STEP processor 7.8','FreeCAD','Unknown');
FILE_SCHEMA(('AUTOMOTIVE_DESIGN { 1 0 10303 214 1 1 1 1 }'));
ENDSEC;
DATA;
#1 = APPLICATION_PROTOCOL_DEFINITION('international standard',
  'automotive_design',2000,#2);
#2 = APPLICATION_CONTEXT(
  'core data for automotive mechanical design processes');
#3 = SHAPE_DEFINITION_REPRESENTATION(#4,#10);
#4 = PRODUCT_DEFINITION_SHAPE('','',#5);
#5 = PRODUCT_DEFINITION('design','',#6,#9);
#6 = PRODUCT_DEFINITION_FORMATION('','',#7);
#7 = PRODUCT('Open CASCADE STEP translator 7.8 1',
  'Open CASCADE STEP translator 7.8 1','',(#8));
#8 = PRODUCT_CONTEXT('',#2,'mechanical');
#9 = PRODUCT_DEFINITION_CONTEXT('part definition',#2,'design');
#10 = ADVANCED_BREP_SHAPE_REPRESENTATION('',(#11,#15),#5507);
#11 = AXIS2_PLACEMENT_3D('',#12,#13,#14);
#12 = CARTESIAN_POINT('',(0.,0.,0.));
#13 = DIRECTION('',(0.,0.,1.));
#14 = DIRECTION('',(1.,0.,-0.));
#15 = MANIFOLD_SOLID_BREP('',#16);
#16 = CLOSED_SHELL('',(#17,#65,#96,#127,#158,#197,#228,#267,#298,#329,
    #368,#408,#430,#469,#500,#539,#570,#601,#640,#669,#701,#2055,#2086,
    #2111,#2142,#2167,#2192,#2217,#2241,#2272,#2297,#2322,#2347,#2371,
    #2402,#2427,#2452,#2477,#2501,#2533,#2557,#2588,#2613,#2638,#2663,
    #2687,#2718,#2743,#2768,#2793,#2817,#2848,#2873,#2898,#2923,#2947,
    #2979,#3003,#3034,#3059,#3090,#3115,#3140,#3165,#3189,#3221,#3245,
    #3276,#3301,#3332,#3357,#3382,#3407,#3431,#3462,#3487,#3512,#3537,
    #3561,#3592,#3617,#3642,#3667,#3691,#3722,#3747,#3772,#3797,#3821,
    #3853,#3877,#3908,#3933,#3964,#3989,#4014,#4039,#4063,#4094,#4118,
    #4142,#4159,#4190,#4214,#4238,#4255,#4320,#4385,#4410,#4435,#4460,
    #4485,#4510,#4535,#4560,#4585,#4655,#4784,#4913,#5042,#5171,#5185,
    #5199,#5213,#5227,#5241,#5255,#5269,#5283,#5297,#5311,#5325,#5339,
    #5353,#5367,#5381,#5395,#5409,#5423,#5437,#5451,#5465,#5479,#5493));
#17 = ADVANCED_FACE('',(#18),#60,.T.);
#18 = FACE_BOUND('',#19,.T.);
#19 = EDGE_LOOP('',(#20,#30,#38,#46,#54));
#20 = ORIENTED_EDGE('',*,*,#21,.F.);
#21 = EDGE_CURVE('',#22,#24,#26,.T.);
#22 = VERTEX_POINT('',#23);
#23 = CARTESIAN_POINT('',(-24.40761184457,-33.6,-5.));
#24 = VERTEX_POINT('',#25);
#25 = CARTESIAN_POINT('',(-52.12885572328,-61.3212438787,-5.));
#26 = LINE('',#27,#28);
#27 = CARTESIAN_POINT('',(4.596194077713,-4.596194077713,-5.));
#28 = VECTOR('',#29,1.);
#29 = DIRECTION('',(-0.707106781187,-0.707106781187,0.));
#30 = ORIENTED_EDGE('',*,*,#31,.T.);
#31 = EDGE_CURVE('',#22,#32,#34,.T.);
#32 = VERTEX_POINT('',#33);
#33 = CARTESIAN_POINT('',(-24.40761184457,-33.6,-3.));
#34 = LINE('',#35,#36);
#35 = CARTESIAN_POINT('',(-24.40761184457,-33.6,-5.5));
#36 = VECTOR('',#37,1.);
#37 = DIRECTION('',(-0.,-0.,1.));
#38 = ORIENTED_EDGE('',*,*,#39,.F.);
#39 = EDGE_CURVE('',#40,#32,#42,.T.);
#40 = VERTEX_POINT('',#41);
#41 = CARTESIAN_POINT('',(-24.40761184457,-33.6,0.));
#42 = LINE('',#43,#44);
#43 = CARTESIAN_POINT('',(-24.40761184457,-33.6,-4.));
#44 = VECTOR('',#45,1.);
#45 = DIRECTION('',(0.,0.,-1.));
#46 = ORIENTED_EDGE('',*,*,#47,.T.);
#47 = EDGE_CURVE('',#40,#48,#50,.T.);
#48 = VERTEX_POINT('',#49);
#49 = CARTESIAN_POINT('',(-52.12885572328,-61.3212438787,0.));
#50 = LINE('',#51,#52);
#51 = CARTESIAN_POINT('',(4.596194077713,-4.596194077713,0.));
#52 = VECTOR('',#53,1.);
#53 = DIRECTION('',(-0.707106781187,-0.707106781187,0.));
#54 = ORIENTED_EDGE('',*,*,#55,.F.);
#55 = EDGE_CURVE('',#24,#48,#56,.T.);
#56 = LINE('',#57,#58);
#57 = CARTESIAN_POINT('',(-52.12885572328,-61.3212438787,-5.));
#58 = VECTOR('',#59,1.);
#59 = DIRECTION('',(0.,0.,1.));
#60 = PLANE('',#61);
#61 = AXIS2_PLACEMENT_3D('',#62,#63,#64);
#62 = CARTESIAN_POINT('',(4.596194077713,-4.596194077713,-5.));
#63 = DIRECTION('',(0.707106781187,-0.707106781187,0.));
#64 = DIRECTION('',(0.,0.,1.));
#65 = ADVANCED_FACE('',(#66),#91,.F.);
#66 = FACE_BOUND('',#67,.F.);
#67 = EDGE_LOOP('',(#68,#76,#77,#85));
#68 = ORIENTED_EDGE('',*,*,#69,.F.);
#69 = EDGE_CURVE('',#32,#70,#72,.T.);
#70 = VERTEX_POINT('',#71);
#71 = CARTESIAN_POINT('',(24.407611844575,-33.6,-3.));
#72 = LINE('',#73,#74);
#73 = CARTESIAN_POINT('',(-29.6,-33.6,-3.));
#74 = VECTOR('',#75,1.);
#75 = DIRECTION('',(1.,0.,-0.));
#76 = ORIENTED_EDGE('',*,*,#39,.F.);
#77 = ORIENTED_EDGE('',*,*,#78,.T.);
#78 = EDGE_CURVE('',#40,#79,#81,.T.);
#79 = VERTEX_POINT('',#80);
#80 = CARTESIAN_POINT('',(24.407611844575,-33.6,0.));
#81 = LINE('',#82,#83);
#82 = CARTESIAN_POINT('',(-29.6,-33.6,0.));
#83 = VECTOR('',#84,1.);
#84 = DIRECTION('',(1.,0.,-0.));
#85 = ORIENTED_EDGE('',*,*,#86,.T.);
#86 = EDGE_CURVE('',#79,#70,#87,.T.);
#87 = LINE('',#88,#89);
#88 = CARTESIAN_POINT('',(24.407611844575,-33.6,-4.));
#89 = VECTOR('',#90,1.);
#90 = DIRECTION('',(0.,0.,-1.));
#91 = PLANE('',#92);
#92 = AXIS2_PLACEMENT_3D('',#93,#94,#95);
#93 = CARTESIAN_POINT('',(-29.6,-33.6,-3.));
#94 = DIRECTION('',(-0.,1.,0.));
#95 = DIRECTION('',(0.,0.,1.));
#96 = ADVANCED_FACE('',(#97),#122,.T.);
#97 = FACE_BOUND('',#98,.T.);
#98 = EDGE_LOOP('',(#99,#107,#115,#121));
#99 = ORIENTED_EDGE('',*,*,#100,.T.);
#100 = EDGE_CURVE('',#22,#101,#103,.T.);
#101 = VERTEX_POINT('',#102);
#102 = CARTESIAN_POINT('',(-29.6,-33.6,-5.));
#103 = LINE('',#104,#105);
#104 = CARTESIAN_POINT('',(-17.09809703885,-33.6,-5.));
#105 = VECTOR('',#106,1.);
#106 = DIRECTION('',(-1.,-0.,0.));
#107 = ORIENTED_EDGE('',*,*,#108,.T.);
#108 = EDGE_CURVE('',#101,#109,#111,.T.);
#109 = VERTEX_POINT('',#110);
#110 = CARTESIAN_POINT('',(-29.6,-33.6,-3.));
#111 = LINE('',#112,#113);
#112 = CARTESIAN_POINT('',(-29.6,-33.6,-6.));
#113 = VECTOR('',#114,1.);
#114 = DIRECTION('',(0.,0.,1.));
#115 = ORIENTED_EDGE('',*,*,#116,.T.);
#116 = EDGE_CURVE('',#109,#32,#117,.T.);
#117 = LINE('',#118,#119);
#118 = CARTESIAN_POINT('',(-29.6,-33.6,-3.));
#119 = VECTOR('',#120,1.);
#120 = DIRECTION('',(1.,0.,-0.));
#121 = ORIENTED_EDGE('',*,*,#31,.F.);
#122 = PLANE('',#123);
#123 = AXIS2_PLACEMENT_3D('',#124,#125,#126);
#124 = CARTESIAN_POINT('',(-29.6,-33.6,-6.));
#125 = DIRECTION('',(-0.,1.,0.));
#126 = DIRECTION('',(0.,0.,1.));
#127 = ADVANCED_FACE('',(#128),#153,.T.);
#128 = FACE_BOUND('',#129,.T.);
#129 = EDGE_LOOP('',(#130,#131,#139,#147));
#130 = ORIENTED_EDGE('',*,*,#108,.F.);
#131 = ORIENTED_EDGE('',*,*,#132,.T.);
#132 = EDGE_CURVE('',#101,#133,#135,.T.);
#133 = VERTEX_POINT('',#134);
#134 = CARTESIAN_POINT('',(-29.6,-20.40761184457,-5.));
#135 = LINE('',#136,#137);
#136 = CARTESIAN_POINT('',(-29.6,-14.50190296114,-5.));
#137 = VECTOR('',#138,1.);
#138 = DIRECTION('',(-0.,1.,0.));
#139 = ORIENTED_EDGE('',*,*,#140,.T.);
#140 = EDGE_CURVE('',#133,#141,#143,.T.);
#141 = VERTEX_POINT('',#142);
#142 = CARTESIAN_POINT('',(-29.6,-20.40761184457,-3.));
#143 = LINE('',#144,#145);
#144 = CARTESIAN_POINT('',(-29.6,-20.40761184457,-5.5));
#145 = VECTOR('',#146,1.);
#146 = DIRECTION('',(0.,0.,1.));
#147 = ORIENTED_EDGE('',*,*,#148,.F.);
#148 = EDGE_CURVE('',#109,#141,#149,.T.);
#149 = LINE('',#150,#151);
#150 = CARTESIAN_POINT('',(-29.6,-33.6,-3.));
#151 = VECTOR('',#152,1.);
#152 = DIRECTION('',(-0.,1.,0.));
#153 = PLANE('',#154);
#154 = AXIS2_PLACEMENT_3D('',#155,#156,#157);
#155 = CARTESIAN_POINT('',(-29.6,-33.6,-6.));
#156 = DIRECTION('',(1.,0.,-0.));
#157 = DIRECTION('',(0.,0.,1.));
#158 = ADVANCED_FACE('',(#159),#192,.F.);
#159 = FACE_BOUND('',#160,.F.);
#160 = EDGE_LOOP('',(#161,#169,#170,#178,#186));
#161 = ORIENTED_EDGE('',*,*,#162,.F.);
#162 = EDGE_CURVE('',#133,#163,#165,.T.);
#163 = VERTEX_POINT('',#164);
#164 = CARTESIAN_POINT('',(-61.3212438787,-52.12885572328,-5.));
#165 = LINE('',#166,#167);
#166 = CARTESIAN_POINT('',(-4.596194077713,4.596194077713,-5.));
#167 = VECTOR('',#168,1.);
#168 = DIRECTION('',(-0.707106781187,-0.707106781187,0.));
#169 = ORIENTED_EDGE('',*,*,#140,.T.);
#170 = ORIENTED_EDGE('',*,*,#171,.F.);
#171 = EDGE_CURVE('',#172,#141,#174,.T.);
#172 = VERTEX_POINT('',#173);
#173 = CARTESIAN_POINT('',(-29.6,-20.40761184457,0.));
#174 = LINE('',#175,#176);
#175 = CARTESIAN_POINT('',(-29.6,-20.40761184457,-4.));
#176 = VECTOR('',#177,1.);
#177 = DIRECTION('',(0.,-0.,-1.));
#178 = ORIENTED_EDGE('',*,*,#179,.T.);
#179 = EDGE_CURVE('',#172,#180,#182,.T.);
#180 = VERTEX_POINT('',#181);
#181 = CARTESIAN_POINT('',(-61.3212438787,-52.12885572328,0.));
#182 = LINE('',#183,#184);
#183 = CARTESIAN_POINT('',(-4.596194077713,4.596194077713,0.));
#184 = VECTOR('',#185,1.);
#185 = DIRECTION('',(-0.707106781187,-0.707106781187,0.));
#186 = ORIENTED_EDGE('',*,*,#187,.F.);
#187 = EDGE_CURVE('',#163,#180,#188,.T.);
#188 = LINE('',#189,#190);
#189 = CARTESIAN_POINT('',(-61.3212438787,-52.12885572328,-5.));
#190 = VECTOR('',#191,1.);
#191 = DIRECTION('',(0.,0.,1.));
#192 = PLANE('',#193);
#193 = AXIS2_PLACEMENT_3D('',#194,#195,#196);
#194 = CARTESIAN_POINT('',(-4.596194077713,4.596194077713,-5.));
#195 = DIRECTION('',(0.707106781187,-0.707106781187,0.));
#196 = DIRECTION('',(0.,0.,1.));
#197 = ADVANCED_FACE('',(#198),#223,.F.);
#198 = FACE_BOUND('',#199,.F.);
#199 = EDGE_LOOP('',(#200,#208,#209,#217));
#200 = ORIENTED_EDGE('',*,*,#201,.F.);
#201 = EDGE_CURVE('',#172,#202,#204,.T.);
#202 = VERTEX_POINT('',#203);
#203 = CARTESIAN_POINT('',(-29.6,20.407611844575,0.));
#204 = LINE('',#205,#206);
#205 = CARTESIAN_POINT('',(-29.6,-33.6,0.));
#206 = VECTOR('',#207,1.);
#207 = DIRECTION('',(-0.,1.,0.));
#208 = ORIENTED_EDGE('',*,*,#171,.T.);
#209 = ORIENTED_EDGE('',*,*,#210,.T.);
#210 = EDGE_CURVE('',#141,#211,#213,.T.);
#211 = VERTEX_POINT('',#212);
#212 = CARTESIAN_POINT('',(-29.6,20.407611844575,-3.));
#213 = LINE('',#214,#215);
#214 = CARTESIAN_POINT('',(-29.6,-33.6,-3.));
#215 = VECTOR('',#216,1.);
#216 = DIRECTION('',(-0.,1.,0.));
#217 = ORIENTED_EDGE('',*,*,#218,.F.);
#218 = EDGE_CURVE('',#202,#211,#219,.T.);
#219 = LINE('',#220,#221);
#220 = CARTESIAN_POINT('',(-29.6,20.407611844575,-4.));
#221 = VECTOR('',#222,1.);
#222 = DIRECTION('',(0.,0.,-1.));
#223 = PLANE('',#224);
#224 = AXIS2_PLACEMENT_3D('',#225,#226,#227);
#225 = CARTESIAN_POINT('',(-29.6,-33.6,-3.));
#226 = DIRECTION('',(1.,0.,-0.));
#227 = DIRECTION('',(0.,0.,1.));
#228 = ADVANCED_FACE('',(#229),#262,.T.);
#229 = FACE_BOUND('',#230,.T.);
#230 = EDGE_LOOP('',(#231,#241,#247,#248,#256));
#231 = ORIENTED_EDGE('',*,*,#232,.F.);
#232 = EDGE_CURVE('',#233,#235,#237,.T.);
#233 = VERTEX_POINT('',#234);
#234 = CARTESIAN_POINT('',(-29.6,20.407611844575,-5.));
#235 = VERTEX_POINT('',#236);
#236 = CARTESIAN_POINT('',(-61.3212438787,52.128855723282,-5.));
#237 = LINE('',#238,#239);
#238 = CARTESIAN_POINT('',(-4.596194077713,-4.596194077713,-5.));
#239 = VECTOR('',#240,1.);
#240 = DIRECTION('',(-0.707106781187,0.707106781187,0.));
#241 = ORIENTED_EDGE('',*,*,#242,.T.);
#242 = EDGE_CURVE('',#233,#211,#243,.T.);
#243 = LINE('',#244,#245);
#244 = CARTESIAN_POINT('',(-29.6,20.407611844575,-5.5));
#245 = VECTOR('',#246,1.);
#246 = DIRECTION('',(0.,0.,1.));
#247 = ORIENTED_EDGE('',*,*,#218,.F.);
#248 = ORIENTED_EDGE('',*,*,#249,.T.);
#249 = EDGE_CURVE('',#202,#250,#252,.T.);
#250 = VERTEX_POINT('',#251);
#251 = CARTESIAN_POINT('',(-61.3212438787,52.128855723282,0.));
#252 = LINE('',#253,#254);
#253 = CARTESIAN_POINT('',(-4.596194077713,-4.596194077713,0.));
#254 = VECTOR('',#255,1.);
#255 = DIRECTION('',(-0.707106781187,0.707106781187,0.));
#256 = ORIENTED_EDGE('',*,*,#257,.F.);
#257 = EDGE_CURVE('',#235,#250,#258,.T.);
#258 = LINE('',#259,#260);
#259 = CARTESIAN_POINT('',(-61.3212438787,52.128855723282,-5.));
#260 = VECTOR('',#261,1.);
#261 = DIRECTION('',(0.,0.,1.));
#262 = PLANE('',#263);
#263 = AXIS2_PLACEMENT_3D('',#264,#265,#266);
#264 = CARTESIAN_POINT('',(-4.596194077713,-4.596194077713,-5.));
#265 = DIRECTION('',(-0.707106781187,-0.707106781187,0.));
#266 = DIRECTION('',(0.,0.,1.));
#267 = ADVANCED_FACE('',(#268),#293,.T.);
#268 = FACE_BOUND('',#269,.T.);
#269 = EDGE_LOOP('',(#270,#278,#286,#292));
#270 = ORIENTED_EDGE('',*,*,#271,.T.);
#271 = EDGE_CURVE('',#233,#272,#274,.T.);
#272 = VERTEX_POINT('',#273);
#273 = CARTESIAN_POINT('',(-29.6,27.6,-5.));
#274 = LINE('',#275,#276);
#275 = CARTESIAN_POINT('',(-29.6,-14.50190296114,-5.));
#276 = VECTOR('',#277,1.);
#277 = DIRECTION('',(-0.,1.,0.));
#278 = ORIENTED_EDGE('',*,*,#279,.T.);
#279 = EDGE_CURVE('',#272,#280,#282,.T.);
#280 = VERTEX_POINT('',#281);
#281 = CARTESIAN_POINT('',(-29.6,27.6,-3.));
#282 = LINE('',#283,#284);
#283 = CARTESIAN_POINT('',(-29.6,27.6,-6.));
#284 = VECTOR('',#285,1.);
#285 = DIRECTION('',(0.,0.,1.));
#286 = ORIENTED_EDGE('',*,*,#287,.F.);
#287 = EDGE_CURVE('',#211,#280,#288,.T.);
#288 = LINE('',#289,#290);
#289 = CARTESIAN_POINT('',(-29.6,-33.6,-3.));
#290 = VECTOR('',#291,1.);
#291 = DIRECTION('',(-0.,1.,0.));
#292 = ORIENTED_EDGE('',*,*,#242,.F.);
#293 = PLANE('',#294);
#294 = AXIS2_PLACEMENT_3D('',#295,#296,#297);
#295 = CARTESIAN_POINT('',(-29.6,-33.6,-6.));
#296 = DIRECTION('',(1.,0.,-0.));
#297 = DIRECTION('',(0.,0.,1.));
#298 = ADVANCED_FACE('',(#299),#324,.F.);
#299 = FACE_BOUND('',#300,.F.);
#300 = EDGE_LOOP('',(#301,#309,#310,#318));
#301 = ORIENTED_EDGE('',*,*,#302,.T.);
#302 = EDGE_CURVE('',#303,#272,#305,.T.);
#303 = VERTEX_POINT('',#304);
#304 = CARTESIAN_POINT('',(-18.40761184457,27.6,-5.));
#305 = LINE('',#306,#307);
#306 = CARTESIAN_POINT('',(-12.50190296114,27.6,-5.));
#307 = VECTOR('',#308,1.);
#308 = DIRECTION('',(-1.,-0.,0.));
#309 = ORIENTED_EDGE('',*,*,#279,.T.);
#310 = ORIENTED_EDGE('',*,*,#311,.T.);
#311 = EDGE_CURVE('',#280,#312,#314,.T.);
#312 = VERTEX_POINT('',#313);
#313 = CARTESIAN_POINT('',(-18.40761184457,27.6,-3.));
#314 = LINE('',#315,#316);
#315 = CARTESIAN_POINT('',(-29.6,27.6,-3.));
#316 = VECTOR('',#317,1.);
#317 = DIRECTION('',(1.,0.,-0.));
#318 = ORIENTED_EDGE('',*,*,#319,.T.);
#319 = EDGE_CURVE('',#312,#303,#320,.T.);
#320 = LINE('',#321,#322);
#321 = CARTESIAN_POINT('',(-18.40761184457,27.6,-5.5));
#322 = VECTOR('',#323,1.);
#323 = DIRECTION('',(-0.,0.,-1.));
#324 = PLANE('',#325);
#325 = AXIS2_PLACEMENT_3D('',#326,#327,#328);
#326 = CARTESIAN_POINT('',(-29.6,27.6,-6.));
#327 = DIRECTION('',(-0.,1.,0.));
#328 = DIRECTION('',(0.,0.,1.));
#329 = ADVANCED_FACE('',(#330),#363,.F.);
#330 = FACE_BOUND('',#331,.F.);
#331 = EDGE_LOOP('',(#332,#342,#348,#349,#357));
#332 = ORIENTED_EDGE('',*,*,#333,.F.);
#333 = EDGE_CURVE('',#334,#336,#338,.T.);
#334 = VERTEX_POINT('',#335);
#335 = CARTESIAN_POINT('',(24.407611844575,-33.6,-5.));
#336 = VERTEX_POINT('',#337);
#337 = CARTESIAN_POINT('',(52.128855723282,-61.3212438787,-5.));
#338 = LINE('',#339,#340);
#339 = CARTESIAN_POINT('',(-4.596194077713,-4.596194077713,-5.));
#340 = VECTOR('',#341,1.);
#341 = DIRECTION('',(0.707106781187,-0.707106781187,0.));
#342 = ORIENTED_EDGE('',*,*,#343,.T.);
#343 = EDGE_CURVE('',#334,#70,#344,.T.);
#344 = LINE('',#345,#346);
#345 = CARTESIAN_POINT('',(24.407611844575,-33.6,-5.5));
#346 = VECTOR('',#347,1.);
#347 = DIRECTION('',(0.,-0.,1.));
#348 = ORIENTED_EDGE('',*,*,#86,.F.);
#349 = ORIENTED_EDGE('',*,*,#350,.T.);
#350 = EDGE_CURVE('',#79,#351,#353,.T.);
#351 = VERTEX_POINT('',#352);
#352 = CARTESIAN_POINT('',(52.128855723282,-61.3212438787,0.));
#353 = LINE('',#354,#355);
#354 = CARTESIAN_POINT('',(-4.596194077713,-4.596194077713,0.));
#355 = VECTOR('',#356,1.);
#356 = DIRECTION('',(0.707106781187,-0.707106781187,0.));
#357 = ORIENTED_EDGE('',*,*,#358,.F.);
#358 = EDGE_CURVE('',#336,#351,#359,.T.);
#359 = LINE('',#360,#361);
#360 = CARTESIAN_POINT('',(52.128855723282,-61.3212438787,-5.));
#361 = VECTOR('',#362,1.);
#362 = DIRECTION('',(0.,0.,1.));
#363 = PLANE('',#364);
#364 = AXIS2_PLACEMENT_3D('',#365,#366,#367);
#365 = CARTESIAN_POINT('',(-4.596194077713,-4.596194077713,-5.));
#366 = DIRECTION('',(0.707106781187,0.707106781187,0.));
#367 = DIRECTION('',(0.,0.,1.));
#368 = ADVANCED_FACE('',(#369),#403,.F.);
#369 = FACE_BOUND('',#370,.F.);
#370 = EDGE_LOOP('',(#371,#381,#389,#397));
#371 = ORIENTED_EDGE('',*,*,#372,.F.);
#372 = EDGE_CURVE('',#373,#375,#377,.T.);
#373 = VERTEX_POINT('',#374);
#374 = CARTESIAN_POINT('',(29.6,-33.6,-5.));
#375 = VERTEX_POINT('',#376);
#376 = CARTESIAN_POINT('',(29.6,-33.6,-3.));
#377 = LINE('',#378,#379);
#378 = CARTESIAN_POINT('',(29.6,-33.6,-6.));
#379 = VECTOR('',#380,1.);
#380 = DIRECTION('',(0.,0.,1.));
#381 = ORIENTED_EDGE('',*,*,#382,.T.);
#382 = EDGE_CURVE('',#373,#383,#385,.T.);
#383 = VERTEX_POINT('',#384);
#384 = CARTESIAN_POINT('',(29.6,-20.40761184457,-5.));
#385 = LINE('',#386,#387);
#386 = CARTESIAN_POINT('',(29.6,-19.09809703885,-5.));
#387 = VECTOR('',#388,1.);
#388 = DIRECTION('',(-0.,1.,0.));
#389 = ORIENTED_EDGE('',*,*,#390,.F.);
#390 = EDGE_CURVE('',#391,#383,#393,.T.);
#391 = VERTEX_POINT('',#392);
#392 = CARTESIAN_POINT('',(29.6,-20.40761184457,-3.));
#393 = LINE('',#394,#395);
#394 = CARTESIAN_POINT('',(29.6,-20.40761184457,-5.5));
#395 = VECTOR('',#396,1.);
#396 = DIRECTION('',(-0.,0.,-1.));
#397 = ORIENTED_EDGE('',*,*,#398,.F.);
#398 = EDGE_CURVE('',#375,#391,#399,.T.);
#399 = LINE('',#400,#401);
#400 = CARTESIAN_POINT('',(29.6,-33.6,-3.));
#401 = VECTOR('',#402,1.);
#402 = DIRECTION('',(-0.,1.,0.));
#403 = PLANE('',#404);
#404 = AXIS2_PLACEMENT_3D('',#405,#406,#407);
#405 = CARTESIAN_POINT('',(29.6,-33.6,-6.));
#406 = DIRECTION('',(1.,0.,-0.));
#407 = DIRECTION('',(0.,0.,1.));
#408 = ADVANCED_FACE('',(#409),#425,.T.);
#409 = FACE_BOUND('',#410,.T.);
#410 = EDGE_LOOP('',(#411,#412,#418,#419));
#411 = ORIENTED_EDGE('',*,*,#372,.F.);
#412 = ORIENTED_EDGE('',*,*,#413,.T.);
#413 = EDGE_CURVE('',#373,#334,#414,.T.);
#414 = LINE('',#415,#416);
#415 = CARTESIAN_POINT('',(-17.09809703885,-33.6,-5.));
#416 = VECTOR('',#417,1.);
#417 = DIRECTION('',(-1.,-0.,0.));
#418 = ORIENTED_EDGE('',*,*,#343,.T.);
#419 = ORIENTED_EDGE('',*,*,#420,.T.);
#420 = EDGE_CURVE('',#70,#375,#421,.T.);
#421 = LINE('',#422,#423);
#422 = CARTESIAN_POINT('',(-29.6,-33.6,-3.));
#423 = VECTOR('',#424,1.);
#424 = DIRECTION('',(1.,0.,-0.));
#425 = PLANE('',#426);
#426 = AXIS2_PLACEMENT_3D('',#427,#428,#429);
#427 = CARTESIAN_POINT('',(-29.6,-33.6,-6.));
#428 = DIRECTION('',(-0.,1.,0.));
#429 = DIRECTION('',(0.,0.,1.));
#430 = ADVANCED_FACE('',(#431),#464,.F.);
#431 = FACE_BOUND('',#432,.F.);
#432 = EDGE_LOOP('',(#433,#441,#442,#450,#458));
#433 = ORIENTED_EDGE('',*,*,#434,.F.);
#434 = EDGE_CURVE('',#303,#435,#437,.T.);
#435 = VERTEX_POINT('',#436);
#436 = CARTESIAN_POINT('',(-52.12885572328,61.321243878707,-5.));
#437 = LINE('',#438,#439);
#438 = CARTESIAN_POINT('',(4.596194077713,4.596194077713,-5.));
#439 = VECTOR('',#440,1.);
#440 = DIRECTION('',(-0.707106781187,0.707106781187,0.));
#441 = ORIENTED_EDGE('',*,*,#319,.F.);
#442 = ORIENTED_EDGE('',*,*,#443,.T.);
#443 = EDGE_CURVE('',#312,#444,#446,.T.);
#444 = VERTEX_POINT('',#445);
#445 = CARTESIAN_POINT('',(-18.40761184457,27.6,0.));
#446 = LINE('',#447,#448);
#447 = CARTESIAN_POINT('',(-18.40761184457,27.6,-4.));
#448 = VECTOR('',#449,1.);
#449 = DIRECTION('',(0.,0.,1.));
#450 = ORIENTED_EDGE('',*,*,#451,.T.);
#451 = EDGE_CURVE('',#444,#452,#454,.T.);
#452 = VERTEX_POINT('',#453);
#453 = CARTESIAN_POINT('',(-52.12885572328,61.321243878707,0.));
#454 = LINE('',#455,#456);
#455 = CARTESIAN_POINT('',(4.596194077713,4.596194077713,0.));
#456 = VECTOR('',#457,1.);
#457 = DIRECTION('',(-0.707106781187,0.707106781187,0.));
#458 = ORIENTED_EDGE('',*,*,#459,.F.);
#459 = EDGE_CURVE('',#435,#452,#460,.T.);
#460 = LINE('',#461,#462);
#461 = CARTESIAN_POINT('',(-52.12885572328,61.321243878707,-5.));
#462 = VECTOR('',#463,1.);
#463 = DIRECTION('',(0.,0.,1.));
#464 = PLANE('',#465);
#465 = AXIS2_PLACEMENT_3D('',#466,#467,#468);
#466 = CARTESIAN_POINT('',(4.596194077713,4.596194077713,-5.));
#467 = DIRECTION('',(-0.707106781187,-0.707106781187,0.));
#468 = DIRECTION('',(0.,0.,1.));
#469 = ADVANCED_FACE('',(#470),#495,.T.);
#470 = FACE_BOUND('',#471,.T.);
#471 = EDGE_LOOP('',(#472,#480,#481,#489));
#472 = ORIENTED_EDGE('',*,*,#473,.F.);
#473 = EDGE_CURVE('',#312,#474,#476,.T.);
#474 = VERTEX_POINT('',#475);
#475 = CARTESIAN_POINT('',(18.407611844575,27.6,-3.));
#476 = LINE('',#477,#478);
#477 = CARTESIAN_POINT('',(-29.6,27.6,-3.));
#478 = VECTOR('',#479,1.);
#479 = DIRECTION('',(1.,0.,-0.));
#480 = ORIENTED_EDGE('',*,*,#443,.T.);
#481 = ORIENTED_EDGE('',*,*,#482,.T.);
#482 = EDGE_CURVE('',#444,#483,#485,.T.);
#483 = VERTEX_POINT('',#484);
#484 = CARTESIAN_POINT('',(18.407611844575,27.6,0.));
#485 = LINE('',#486,#487);
#486 = CARTESIAN_POINT('',(-29.6,27.6,0.));
#487 = VECTOR('',#488,1.);
#488 = DIRECTION('',(1.,0.,-0.));
#489 = ORIENTED_EDGE('',*,*,#490,.F.);
#490 = EDGE_CURVE('',#474,#483,#491,.T.);
#491 = LINE('',#492,#493);
#492 = CARTESIAN_POINT('',(18.407611844575,27.6,-4.));
#493 = VECTOR('',#494,1.);
#494 = DIRECTION('',(0.,0.,1.));
#495 = PLANE('',#496);
#496 = AXIS2_PLACEMENT_3D('',#497,#498,#499);
#497 = CARTESIAN_POINT('',(-29.6,27.6,-3.));
#498 = DIRECTION('',(-0.,1.,0.));
#499 = DIRECTION('',(0.,0.,1.));
#500 = ADVANCED_FACE('',(#501),#534,.T.);
#501 = FACE_BOUND('',#502,.T.);
#502 = EDGE_LOOP('',(#503,#513,#519,#520,#528));
#503 = ORIENTED_EDGE('',*,*,#504,.F.);
#504 = EDGE_CURVE('',#505,#507,#509,.T.);
#505 = VERTEX_POINT('',#506);
#506 = CARTESIAN_POINT('',(18.407611844575,27.6,-5.));
#507 = VERTEX_POINT('',#508);
#508 = CARTESIAN_POINT('',(52.128855723282,61.321243878707,-5.));
#509 = LINE('',#510,#511);
#510 = CARTESIAN_POINT('',(-4.596194077713,4.596194077713,-5.));
#511 = VECTOR('',#512,1.);
#512 = DIRECTION('',(0.707106781187,0.707106781187,0.));
#513 = ORIENTED_EDGE('',*,*,#514,.F.);
#514 = EDGE_CURVE('',#474,#505,#515,.T.);
#515 = LINE('',#516,#517);
#516 = CARTESIAN_POINT('',(18.407611844575,27.6,-5.5));
#517 = VECTOR('',#518,1.);
#518 = DIRECTION('',(0.,0.,-1.));
#519 = ORIENTED_EDGE('',*,*,#490,.T.);
#520 = ORIENTED_EDGE('',*,*,#521,.T.);
#521 = EDGE_CURVE('',#483,#522,#524,.T.);
#522 = VERTEX_POINT('',#523);
#523 = CARTESIAN_POINT('',(52.128855723282,61.321243878707,0.));
#524 = LINE('',#525,#526);
#525 = CARTESIAN_POINT('',(-4.596194077713,4.596194077713,0.));
#526 = VECTOR('',#527,1.);
#527 = DIRECTION('',(0.707106781187,0.707106781187,0.));
#528 = ORIENTED_EDGE('',*,*,#529,.F.);
#529 = EDGE_CURVE('',#507,#522,#530,.T.);
#530 = LINE('',#531,#532);
#531 = CARTESIAN_POINT('',(52.128855723282,61.321243878707,-5.));
#532 = VECTOR('',#533,1.);
#533 = DIRECTION('',(0.,0.,1.));
#534 = PLANE('',#535);
#535 = AXIS2_PLACEMENT_3D('',#536,#537,#538);
#536 = CARTESIAN_POINT('',(-4.596194077713,4.596194077713,-5.));
#537 = DIRECTION('',(-0.707106781187,0.707106781187,0.));
#538 = DIRECTION('',(0.,0.,1.));
#539 = ADVANCED_FACE('',(#540),#565,.F.);
#540 = FACE_BOUND('',#541,.F.);
#541 = EDGE_LOOP('',(#542,#552,#558,#559));
#542 = ORIENTED_EDGE('',*,*,#543,.F.);
#543 = EDGE_CURVE('',#544,#546,#548,.T.);
#544 = VERTEX_POINT('',#545);
#545 = CARTESIAN_POINT('',(29.6,27.6,-5.));
#546 = VERTEX_POINT('',#547);
#547 = CARTESIAN_POINT('',(29.6,27.6,-3.));
#548 = LINE('',#549,#550);
#549 = CARTESIAN_POINT('',(29.6,27.6,-6.));
#550 = VECTOR('',#551,1.);
#551 = DIRECTION('',(0.,0.,1.));
#552 = ORIENTED_EDGE('',*,*,#553,.T.);
#553 = EDGE_CURVE('',#544,#505,#554,.T.);
#554 = LINE('',#555,#556);
#555 = CARTESIAN_POINT('',(-12.50190296114,27.6,-5.));
#556 = VECTOR('',#557,1.);
#557 = DIRECTION('',(-1.,-0.,0.));
#558 = ORIENTED_EDGE('',*,*,#514,.F.);
#559 = ORIENTED_EDGE('',*,*,#560,.T.);
#560 = EDGE_CURVE('',#474,#546,#561,.T.);
#561 = LINE('',#562,#563);
#562 = CARTESIAN_POINT('',(-29.6,27.6,-3.));
#563 = VECTOR('',#564,1.);
#564 = DIRECTION('',(1.,0.,-0.));
#565 = PLANE('',#566);
#566 = AXIS2_PLACEMENT_3D('',#567,#568,#569);
#567 = CARTESIAN_POINT('',(-29.6,27.6,-6.));
#568 = DIRECTION('',(-0.,1.,0.));
#569 = DIRECTION('',(0.,0.,1.));
#570 = ADVANCED_FACE('',(#571),#596,.F.);
#571 = FACE_BOUND('',#572,.F.);
#572 = EDGE_LOOP('',(#573,#581,#582,#590));
#573 = ORIENTED_EDGE('',*,*,#574,.T.);
#574 = EDGE_CURVE('',#575,#544,#577,.T.);
#575 = VERTEX_POINT('',#576);
#576 = CARTESIAN_POINT('',(29.6,20.407611844575,-5.));
#577 = LINE('',#578,#579);
#578 = CARTESIAN_POINT('',(29.6,-19.09809703885,-5.));
#579 = VECTOR('',#580,1.);
#580 = DIRECTION('',(-0.,1.,0.));
#581 = ORIENTED_EDGE('',*,*,#543,.T.);
#582 = ORIENTED_EDGE('',*,*,#583,.F.);
#583 = EDGE_CURVE('',#584,#546,#586,.T.);
#584 = VERTEX_POINT('',#585);
#585 = CARTESIAN_POINT('',(29.6,20.407611844575,-3.));
#586 = LINE('',#587,#588);
#587 = CARTESIAN_POINT('',(29.6,-33.6,-3.));
#588 = VECTOR('',#589,1.);
#589 = DIRECTION('',(-0.,1.,0.));
#590 = ORIENTED_EDGE('',*,*,#591,.T.);
#591 = EDGE_CURVE('',#584,#575,#592,.T.);
#592 = LINE('',#593,#594);
#593 = CARTESIAN_POINT('',(29.6,20.407611844575,-5.5));
#594 = VECTOR('',#595,1.);
#595 = DIRECTION('',(-0.,0.,-1.));
#596 = PLANE('',#597);
#597 = AXIS2_PLACEMENT_3D('',#598,#599,#600);
#598 = CARTESIAN_POINT('',(29.6,-33.6,-6.));
#599 = DIRECTION('',(1.,0.,-0.));
#600 = DIRECTION('',(0.,0.,1.));
#601 = ADVANCED_FACE('',(#602),#635,.F.);
#602 = FACE_BOUND('',#603,.F.);
#603 = EDGE_LOOP('',(#604,#612,#613,#621,#629));
#604 = ORIENTED_EDGE('',*,*,#605,.F.);
#605 = EDGE_CURVE('',#575,#606,#608,.T.);
#606 = VERTEX_POINT('',#607);
#607 = CARTESIAN_POINT('',(61.321243878707,52.128855723282,-5.));
#608 = LINE('',#609,#610);
#609 = CARTESIAN_POINT('',(4.596194077713,-4.596194077713,-5.));
#610 = VECTOR('',#611,1.);
#611 = DIRECTION('',(0.707106781187,0.707106781187,0.));
#612 = ORIENTED_EDGE('',*,*,#591,.F.);
#613 = ORIENTED_EDGE('',*,*,#614,.T.);
#614 = EDGE_CURVE('',#584,#615,#617,.T.);
#615 = VERTEX_POINT('',#616);
#616 = CARTESIAN_POINT('',(29.6,20.407611844575,0.));
#617 = LINE('',#618,#619);
#618 = CARTESIAN_POINT('',(29.6,20.407611844575,-4.));
#619 = VECTOR('',#620,1.);
#620 = DIRECTION('',(0.,0.,1.));
#621 = ORIENTED_EDGE('',*,*,#622,.T.);
#622 = EDGE_CURVE('',#615,#623,#625,.T.);
#623 = VERTEX_POINT('',#624);
#624 = CARTESIAN_POINT('',(61.321243878707,52.128855723282,0.));
#625 = LINE('',#626,#627);
#626 = CARTESIAN_POINT('',(4.596194077713,-4.596194077713,0.));
#627 = VECTOR('',#628,1.);
#628 = DIRECTION('',(0.707106781187,0.707106781187,0.));
#629 = ORIENTED_EDGE('',*,*,#630,.F.);
#630 = EDGE_CURVE('',#606,#623,#631,.T.);
#631 = LINE('',#632,#633);
#632 = CARTESIAN_POINT('',(61.321243878707,52.128855723282,-5.));
#633 = VECTOR('',#634,1.);
#634 = DIRECTION('',(0.,0.,1.));
#635 = PLANE('',#636);
#636 = AXIS2_PLACEMENT_3D('',#637,#638,#639);
#637 = CARTESIAN_POINT('',(4.596194077713,-4.596194077713,-5.));
#638 = DIRECTION('',(-0.707106781187,0.707106781187,0.));
#639 = DIRECTION('',(0.,0.,1.));
#640 = ADVANCED_FACE('',(#641),#664,.T.);
#641 = FACE_BOUND('',#642,.T.);
#642 = EDGE_LOOP('',(#643,#651,#657,#663));
#643 = ORIENTED_EDGE('',*,*,#644,.F.);
#644 = EDGE_CURVE('',#645,#615,#647,.T.);
#645 = VERTEX_POINT('',#646);
#646 = CARTESIAN_POINT('',(29.6,-20.40761184457,0.));
#647 = LINE('',#648,#649);
#648 = CARTESIAN_POINT('',(29.6,-33.6,0.));
#649 = VECTOR('',#650,1.);
#650 = DIRECTION('',(-0.,1.,0.));
#651 = ORIENTED_EDGE('',*,*,#652,.F.);
#652 = EDGE_CURVE('',#391,#645,#653,.T.);
#653 = LINE('',#654,#655);
#654 = CARTESIAN_POINT('',(29.6,-20.40761184457,-4.));
#655 = VECTOR('',#656,1.);
#656 = DIRECTION('',(0.,-0.,1.));
#657 = ORIENTED_EDGE('',*,*,#658,.T.);
#658 = EDGE_CURVE('',#391,#584,#659,.T.);
#659 = LINE('',#660,#661);
#660 = CARTESIAN_POINT('',(29.6,-33.6,-3.));
#661 = VECTOR('',#662,1.);
#662 = DIRECTION('',(-0.,1.,0.));
#663 = ORIENTED_EDGE('',*,*,#614,.T.);
#664 = PLANE('',#665);
#665 = AXIS2_PLACEMENT_3D('',#666,#667,#668);
#666 = CARTESIAN_POINT('',(29.6,-33.6,-3.));
#667 = DIRECTION('',(1.,0.,-0.));
#668 = DIRECTION('',(0.,0.,1.));
#669 = ADVANCED_FACE('',(#670),#696,.T.);
#670 = FACE_BOUND('',#671,.T.);
#671 = EDGE_LOOP('',(#672,#680,#681,#682,#690));
#672 = ORIENTED_EDGE('',*,*,#673,.F.);
#673 = EDGE_CURVE('',#383,#674,#676,.T.);
#674 = VERTEX_POINT('',#675);
#675 = CARTESIAN_POINT('',(61.321243878707,-52.12885572328,-5.));
#676 = LINE('',#677,#678);
#677 = CARTESIAN_POINT('',(4.596194077713,4.596194077713,-5.));
#678 = VECTOR('',#679,1.);
#679 = DIRECTION('',(0.707106781187,-0.707106781187,0.));
#680 = ORIENTED_EDGE('',*,*,#390,.F.);
#681 = ORIENTED_EDGE('',*,*,#652,.T.);
#682 = ORIENTED_EDGE('',*,*,#683,.T.);
#683 = EDGE_CURVE('',#645,#684,#686,.T.);
#684 = VERTEX_POINT('',#685);
#685 = CARTESIAN_POINT('',(61.321243878707,-52.12885572328,0.));
#686 = LINE('',#687,#688);
#687 = CARTESIAN_POINT('',(4.596194077713,4.596194077713,0.));
#688 = VECTOR('',#689,1.);
#689 = DIRECTION('',(0.707106781187,-0.707106781187,0.));
#690 = ORIENTED_EDGE('',*,*,#691,.F.);
#691 = EDGE_CURVE('',#674,#684,#692,.T.);
#692 = LINE('',#693,#694);
#693 = CARTESIAN_POINT('',(61.321243878707,-52.12885572328,-5.));
#694 = VECTOR('',#695,1.);
#695 = DIRECTION('',(0.,0.,1.));
#696 = PLANE('',#697);
#697 = AXIS2_PLACEMENT_3D('',#698,#699,#700);
#698 = CARTESIAN_POINT('',(4.596194077713,4.596194077713,-5.));
#699 = DIRECTION('',(0.707106781187,0.707106781187,0.));
#700 = DIRECTION('',(0.,0.,1.));
#701 = ADVANCED_FACE('',(#702,#780,#1035,#1290,#1545,#1800,#1834,#1868,
    #1915,#1962,#1973,#1984,#1995,#2006,#2017,#2028,#2039),#2050,.T.);
#702 = FACE_BOUND('',#703,.T.);
#703 = EDGE_LOOP('',(#704,#705,#706,#707,#716,#723,#724,#725,#726,#735,
    #742,#743,#744,#745,#754,#761,#762,#763,#764,#773));
#704 = ORIENTED_EDGE('',*,*,#47,.F.);
#705 = ORIENTED_EDGE('',*,*,#78,.T.);
#706 = ORIENTED_EDGE('',*,*,#350,.T.);
#707 = ORIENTED_EDGE('',*,*,#708,.T.);
#708 = EDGE_CURVE('',#351,#709,#711,.T.);
#709 = VERTEX_POINT('',#710);
#710 = CARTESIAN_POINT('',(74.,-63.,0.));
#711 = CIRCLE('',#712,11.);
#712 = AXIS2_PLACEMENT_3D('',#713,#714,#715);
#713 = CARTESIAN_POINT('',(63.,-63.,0.));
#714 = DIRECTION('',(0.,0.,1.));
#715 = DIRECTION('',(1.,0.,-0.));
#716 = ORIENTED_EDGE('',*,*,#717,.T.);
#717 = EDGE_CURVE('',#709,#684,#718,.T.);
#718 = CIRCLE('',#719,11.);
#719 = AXIS2_PLACEMENT_3D('',#720,#721,#722);
#720 = CARTESIAN_POINT('',(63.,-63.,0.));
#721 = DIRECTION('',(0.,0.,1.));
#722 = DIRECTION('',(1.,0.,-0.));
#723 = ORIENTED_EDGE('',*,*,#683,.F.);
#724 = ORIENTED_EDGE('',*,*,#644,.T.);
#725 = ORIENTED_EDGE('',*,*,#622,.T.);
#726 = ORIENTED_EDGE('',*,*,#727,.T.);
#727 = EDGE_CURVE('',#623,#728,#730,.T.);
#728 = VERTEX_POINT('',#729);
#729 = CARTESIAN_POINT('',(74.,63.,0.));
#730 = CIRCLE('',#731,11.);
#731 = AXIS2_PLACEMENT_3D('',#732,#733,#734);
#732 = CARTESIAN_POINT('',(63.,63.,0.));
#733 = DIRECTION('',(0.,0.,1.));
#734 = DIRECTION('',(1.,0.,-0.));
#735 = ORIENTED_EDGE('',*,*,#736,.T.);
#736 = EDGE_CURVE('',#728,#522,#737,.T.);
#737 = CIRCLE('',#738,11.);
#738 = AXIS2_PLACEMENT_3D('',#739,#740,#741);
#739 = CARTESIAN_POINT('',(63.,63.,0.));
#740 = DIRECTION('',(0.,0.,1.));
#741 = DIRECTION('',(1.,0.,-0.));
#742 = ORIENTED_EDGE('',*,*,#521,.F.);
#743 = ORIENTED_EDGE('',*,*,#482,.F.);
#744 = ORIENTED_EDGE('',*,*,#451,.T.);
#745 = ORIENTED_EDGE('',*,*,#746,.T.);
#746 = EDGE_CURVE('',#452,#747,#749,.T.);
#747 = VERTEX_POINT('',#748);
#748 = CARTESIAN_POINT('',(-52.,63.,0.));
#749 = CIRCLE('',#750,11.);
#750 = AXIS2_PLACEMENT_3D('',#751,#752,#753);
#751 = CARTESIAN_POINT('',(-63.,63.,0.));
#752 = DIRECTION('',(0.,0.,1.));
#753 = DIRECTION('',(1.,0.,-0.));
#754 = ORIENTED_EDGE('',*,*,#755,.T.);
#755 = EDGE_CURVE('',#747,#250,#756,.T.);
#756 = CIRCLE('',#757,11.);
#757 = AXIS2_PLACEMENT_3D('',#758,#759,#760);
#758 = CARTESIAN_POINT('',(-63.,63.,0.));
#759 = DIRECTION('',(0.,0.,1.));
#760 = DIRECTION('',(1.,0.,-0.));
#761 = ORIENTED_EDGE('',*,*,#249,.F.);
#762 = ORIENTED_EDGE('',*,*,#201,.F.);
#763 = ORIENTED_EDGE('',*,*,#179,.T.);
#764 = ORIENTED_EDGE('',*,*,#765,.T.);
#765 = EDGE_CURVE('',#180,#766,#768,.T.);
#766 = VERTEX_POINT('',#767);
#767 = CARTESIAN_POINT('',(-52.,-63.,0.));
#768 = CIRCLE('',#769,11.);
#769 = AXIS2_PLACEMENT_3D('',#770,#771,#772);
#770 = CARTESIAN_POINT('',(-63.,-63.,0.));
#771 = DIRECTION('',(0.,0.,1.));
#772 = DIRECTION('',(1.,0.,-0.));
#773 = ORIENTED_EDGE('',*,*,#774,.T.);
#774 = EDGE_CURVE('',#766,#48,#775,.T.);
#775 = CIRCLE('',#776,11.);
#776 = AXIS2_PLACEMENT_3D('',#777,#778,#779);
#777 = CARTESIAN_POINT('',(-63.,-63.,0.));
#778 = DIRECTION('',(0.,0.,1.));
#779 = DIRECTION('',(1.,0.,-0.));
#780 = FACE_BOUND('',#781,.T.);
#781 = EDGE_LOOP('',(#782,#792,#801,#810,#818,#827,#836,#845,#853,#862,
    #871,#879,#888,#897,#906,#914,#923,#932,#940,#949,#958,#967,#975,
    #984,#993,#1001,#1010,#1019,#1028));
#782 = ORIENTED_EDGE('',*,*,#783,.F.);
#783 = EDGE_CURVE('',#784,#786,#788,.T.);
#784 = VERTEX_POINT('',#785);
#785 = CARTESIAN_POINT('',(-57.55527778486,-66.88908729652,0.));
#786 = VERTEX_POINT('',#787);
#787 = CARTESIAN_POINT('',(-59.18162338159,-65.26274169979,0.));
#788 = LINE('',#789,#790);
#789 = CARTESIAN_POINT('',(-63.,-61.44436508139,0.));
#790 = VECTOR('',#791,1.);
#791 = DIRECTION('',(-0.707106781187,0.707106781187,0.));
#792 = ORIENTED_EDGE('',*,*,#793,.F.);
#793 = EDGE_CURVE('',#794,#784,#796,.T.);
#794 = VERTEX_POINT('',#795);
#795 = CARTESIAN_POINT('',(-57.55527778486,-68.44472221513,0.));
#796 = CIRCLE('',#797,1.1);
#797 = AXIS2_PLACEMENT_3D('',#798,#799,#800);
#798 = CARTESIAN_POINT('',(-58.33309524416,-67.66690475583,0.));
#799 = DIRECTION('',(0.,0.,1.));
#800 = DIRECTION('',(0.707106781187,-0.707106781187,0.));
#801 = ORIENTED_EDGE('',*,*,#802,.F.);
#802 = EDGE_CURVE('',#803,#794,#805,.T.);
#803 = VERTEX_POINT('',#804);
#804 = CARTESIAN_POINT('',(-59.11091270347,-68.44472221513,0.));
#805 = CIRCLE('',#806,1.1);
#806 = AXIS2_PLACEMENT_3D('',#807,#808,#809);
#807 = CARTESIAN_POINT('',(-58.33309524416,-67.66690475583,0.));
#808 = DIRECTION('',(0.,0.,1.));
#809 = DIRECTION('',(0.707106781187,-0.707106781187,0.));
#810 = ORIENTED_EDGE('',*,*,#811,.T.);
#811 = EDGE_CURVE('',#803,#812,#814,.T.);
#812 = VERTEX_POINT('',#813);
#813 = CARTESIAN_POINT('',(-60.7372583002,-66.8183766184,0.));
#814 = LINE('',#815,#816);
#815 = CARTESIAN_POINT('',(-62.25753787975,-65.29809703885,0.));
#816 = VECTOR('',#817,1.);
#817 = DIRECTION('',(-0.707106781187,0.707106781187,0.));
#818 = ORIENTED_EDGE('',*,*,#819,.F.);
#819 = EDGE_CURVE('',#820,#812,#822,.T.);
#820 = VERTEX_POINT('',#821);
#821 = CARTESIAN_POINT('',(-61.05134667611,-65.90736138505,0.));
#822 = CIRCLE('',#823,1.1);
#823 = AXIS2_PLACEMENT_3D('',#824,#825,#826);
#824 = CARTESIAN_POINT('',(-59.95944084089,-66.0405591591,0.));
#825 = DIRECTION('',(0.,0.,1.));
#826 = DIRECTION('',(0.707106781187,-0.707106781187,0.));
#827 = ORIENTED_EDGE('',*,*,#828,.F.);
#828 = EDGE_CURVE('',#829,#820,#831,.T.);
#829 = VERTEX_POINT('',#830);
#830 = CARTESIAN_POINT('',(-64.94865332388,-65.90736138505,0.));
#831 = CIRCLE('',#832,3.5);
#832 = AXIS2_PLACEMENT_3D('',#833,#834,#835);
#833 = CARTESIAN_POINT('',(-63.,-63.,0.));
#834 = DIRECTION('',(0.,0.,1.));
#835 = DIRECTION('',(1.,0.,-0.));
#836 = ORIENTED_EDGE('',*,*,#837,.F.);
#837 = EDGE_CURVE('',#838,#829,#840,.T.);
#838 = VERTEX_POINT('',#839);
#839 = CARTESIAN_POINT('',(-65.26274169979,-66.8183766184,0.));
#840 = CIRCLE('',#841,1.1);
#841 = AXIS2_PLACEMENT_3D('',#842,#843,#844);
#842 = CARTESIAN_POINT('',(-66.0405591591,-66.0405591591,0.));
#843 = DIRECTION('',(0.,0.,1.));
#844 = DIRECTION('',(-0.707106781187,-0.707106781187,0.));
#845 = ORIENTED_EDGE('',*,*,#846,.F.);
#846 = EDGE_CURVE('',#847,#838,#849,.T.);
#847 = VERTEX_POINT('',#848);
#848 = CARTESIAN_POINT('',(-66.88908729652,-68.44472221513,0.));
#849 = LINE('',#850,#851);
#850 = CARTESIAN_POINT('',(-63.74246212024,-65.29809703885,
    6.661338147751E-16));
#851 = VECTOR('',#852,1.);
#852 = DIRECTION('',(0.707106781187,0.707106781187,-0.));
#853 = ORIENTED_EDGE('',*,*,#854,.F.);
#854 = EDGE_CURVE('',#855,#847,#857,.T.);
#855 = VERTEX_POINT('',#856);
#856 = CARTESIAN_POINT('',(-68.44472221513,-68.44472221513,0.));
#857 = CIRCLE('',#858,1.1);
#858 = AXIS2_PLACEMENT_3D('',#859,#860,#861);
#859 = CARTESIAN_POINT('',(-67.66690475583,-67.66690475583,0.));
#860 = DIRECTION('',(0.,0.,1.));
#861 = DIRECTION('',(-0.707106781187,-0.707106781187,0.));
#862 = ORIENTED_EDGE('',*,*,#863,.F.);
#863 = EDGE_CURVE('',#864,#855,#866,.T.);
#864 = VERTEX_POINT('',#865);
#865 = CARTESIAN_POINT('',(-68.44472221513,-66.88908729652,0.));
#866 = CIRCLE('',#867,1.1);
#867 = AXIS2_PLACEMENT_3D('',#868,#869,#870);
#868 = CARTESIAN_POINT('',(-67.66690475583,-67.66690475583,0.));
#869 = DIRECTION('',(0.,0.,1.));
#870 = DIRECTION('',(-0.707106781187,-0.707106781187,0.));
#871 = ORIENTED_EDGE('',*,*,#872,.T.);
#872 = EDGE_CURVE('',#864,#873,#875,.T.);
#873 = VERTEX_POINT('',#874);
#874 = CARTESIAN_POINT('',(-66.8183766184,-65.26274169979,0.));
#875 = LINE('',#876,#877);
#876 = CARTESIAN_POINT('',(-65.29809703885,-63.74246212024,
    6.661338147751E-16));
#877 = VECTOR('',#878,1.);
#878 = DIRECTION('',(0.707106781187,0.707106781187,-0.));
#879 = ORIENTED_EDGE('',*,*,#880,.F.);
#880 = EDGE_CURVE('',#881,#873,#883,.T.);
#881 = VERTEX_POINT('',#882);
#882 = CARTESIAN_POINT('',(-65.90736138505,-64.94865332388,0.));
#883 = CIRCLE('',#884,1.1);
#884 = AXIS2_PLACEMENT_3D('',#885,#886,#887);
#885 = CARTESIAN_POINT('',(-66.0405591591,-66.0405591591,0.));
#886 = DIRECTION('',(0.,0.,1.));
#887 = DIRECTION('',(-0.707106781187,-0.707106781187,0.));
#888 = ORIENTED_EDGE('',*,*,#889,.F.);
#889 = EDGE_CURVE('',#890,#881,#892,.T.);
#890 = VERTEX_POINT('',#891);
#891 = CARTESIAN_POINT('',(-65.90736138505,-61.05134667611,0.));
#892 = CIRCLE('',#893,3.5);
#893 = AXIS2_PLACEMENT_3D('',#894,#895,#896);
#894 = CARTESIAN_POINT('',(-63.,-63.,0.));
#895 = DIRECTION('',(0.,0.,1.));
#896 = DIRECTION('',(1.,0.,-0.));
#897 = ORIENTED_EDGE('',*,*,#898,.F.);
#898 = EDGE_CURVE('',#899,#890,#901,.T.);
#899 = VERTEX_POINT('',#900);
#900 = CARTESIAN_POINT('',(-66.8183766184,-60.7372583002,0.));
#901 = CIRCLE('',#902,1.1);
#902 = AXIS2_PLACEMENT_3D('',#903,#904,#905);
#903 = CARTESIAN_POINT('',(-66.0405591591,-59.95944084089,0.));
#904 = DIRECTION('',(0.,0.,1.));
#905 = DIRECTION('',(-0.707106781187,0.707106781187,0.));
#906 = ORIENTED_EDGE('',*,*,#907,.F.);
#907 = EDGE_CURVE('',#908,#899,#910,.T.);
#908 = VERTEX_POINT('',#909);
#909 = CARTESIAN_POINT('',(-68.44472221513,-59.11091270347,0.));
#910 = LINE('',#911,#912);
#911 = CARTESIAN_POINT('',(-65.29809703885,-62.25753787975,0.));
#912 = VECTOR('',#913,1.);
#913 = DIRECTION('',(0.707106781187,-0.707106781187,0.));
#914 = ORIENTED_EDGE('',*,*,#915,.F.);
#915 = EDGE_CURVE('',#916,#908,#918,.T.);
#916 = VERTEX_POINT('',#917);
#917 = CARTESIAN_POINT('',(-68.44472221513,-57.55527778486,0.));
#918 = CIRCLE('',#919,1.1);
#919 = AXIS2_PLACEMENT_3D('',#920,#921,#922);
#920 = CARTESIAN_POINT('',(-67.66690475583,-58.33309524416,0.));
#921 = DIRECTION('',(0.,0.,1.));
#922 = DIRECTION('',(-0.707106781187,0.707106781187,0.));
#923 = ORIENTED_EDGE('',*,*,#924,.F.);
#924 = EDGE_CURVE('',#925,#916,#927,.T.);
#925 = VERTEX_POINT('',#926);
#926 = CARTESIAN_POINT('',(-66.88908729652,-57.55527778486,0.));
#927 = CIRCLE('',#928,1.1);
#928 = AXIS2_PLACEMENT_3D('',#929,#930,#931);
#929 = CARTESIAN_POINT('',(-67.66690475583,-58.33309524416,0.));
#930 = DIRECTION('',(0.,0.,1.));
#931 = DIRECTION('',(-0.707106781187,0.707106781187,0.));
#932 = ORIENTED_EDGE('',*,*,#933,.T.);
#933 = EDGE_CURVE('',#925,#934,#936,.T.);
#934 = VERTEX_POINT('',#935);
#935 = CARTESIAN_POINT('',(-65.26274169979,-59.18162338159,0.));
#936 = LINE('',#937,#938);
#937 = CARTESIAN_POINT('',(-63.74246212024,-60.70190296114,0.));
#938 = VECTOR('',#939,1.);
#939 = DIRECTION('',(0.707106781187,-0.707106781187,0.));
#940 = ORIENTED_EDGE('',*,*,#941,.F.);
#941 = EDGE_CURVE('',#942,#934,#944,.T.);
#942 = VERTEX_POINT('',#943);
#943 = CARTESIAN_POINT('',(-64.94865332388,-60.09263861494,0.));
#944 = CIRCLE('',#945,1.1);
#945 = AXIS2_PLACEMENT_3D('',#946,#947,#948);
#946 = CARTESIAN_POINT('',(-66.0405591591,-59.95944084089,0.));
#947 = DIRECTION('',(0.,0.,1.));
#948 = DIRECTION('',(-0.707106781187,0.707106781187,0.));
#949 = ORIENTED_EDGE('',*,*,#950,.F.);
#950 = EDGE_CURVE('',#951,#942,#953,.T.);
#951 = VERTEX_POINT('',#952);
#952 = CARTESIAN_POINT('',(-61.05134667611,-60.09263861494,0.));
#953 = CIRCLE('',#954,3.5);
#954 = AXIS2_PLACEMENT_3D('',#955,#956,#957);
#955 = CARTESIAN_POINT('',(-63.,-63.,0.));
#956 = DIRECTION('',(0.,0.,1.));
#957 = DIRECTION('',(1.,0.,-0.));
#958 = ORIENTED_EDGE('',*,*,#959,.F.);
#959 = EDGE_CURVE('',#960,#951,#962,.T.);
#960 = VERTEX_POINT('',#961);
#961 = CARTESIAN_POINT('',(-60.7372583002,-59.18162338159,0.));
#962 = CIRCLE('',#963,1.1);
#963 = AXIS2_PLACEMENT_3D('',#964,#965,#966);
#964 = CARTESIAN_POINT('',(-59.95944084089,-59.95944084089,0.));
#965 = DIRECTION('',(0.,0.,1.));
#966 = DIRECTION('',(0.707106781187,0.707106781187,-0.));
#967 = ORIENTED_EDGE('',*,*,#968,.F.);
#968 = EDGE_CURVE('',#969,#960,#971,.T.);
#969 = VERTEX_POINT('',#970);
#970 = CARTESIAN_POINT('',(-59.11091270347,-57.55527778486,0.));
#971 = LINE('',#972,#973);
#972 = CARTESIAN_POINT('',(-30.75753787975,-29.20190296114,0.));
#973 = VECTOR('',#974,1.);
#974 = DIRECTION('',(-0.707106781187,-0.707106781187,0.));
#975 = ORIENTED_EDGE('',*,*,#976,.F.);
#976 = EDGE_CURVE('',#977,#969,#979,.T.);
#977 = VERTEX_POINT('',#978);
#978 = CARTESIAN_POINT('',(-57.55527778486,-57.55527778486,0.));
#979 = CIRCLE('',#980,1.1);
#980 = AXIS2_PLACEMENT_3D('',#981,#982,#983);
#981 = CARTESIAN_POINT('',(-58.33309524416,-58.33309524416,0.));
#982 = DIRECTION('',(0.,0.,1.));
#983 = DIRECTION('',(0.707106781187,0.707106781187,-0.));
#984 = ORIENTED_EDGE('',*,*,#985,.F.);
#985 = EDGE_CURVE('',#986,#977,#988,.T.);
#986 = VERTEX_POINT('',#987);
#987 = CARTESIAN_POINT('',(-57.55527778486,-59.11091270347,0.));
#988 = CIRCLE('',#989,1.1);
#989 = AXIS2_PLACEMENT_3D('',#990,#991,#992);
#990 = CARTESIAN_POINT('',(-58.33309524416,-58.33309524416,0.));
#991 = DIRECTION('',(0.,0.,1.));
#992 = DIRECTION('',(0.707106781187,0.707106781187,-0.));
#993 = ORIENTED_EDGE('',*,*,#994,.T.);
#994 = EDGE_CURVE('',#986,#995,#997,.T.);
#995 = VERTEX_POINT('',#996);
#996 = CARTESIAN_POINT('',(-59.18162338159,-60.7372583002,0.));
#997 = LINE('',#998,#999);
#998 = CARTESIAN_POINT('',(-29.20190296114,-30.75753787975,0.));
#999 = VECTOR('',#1000,1.);
#1000 = DIRECTION('',(-0.707106781187,-0.707106781187,0.));
#1001 = ORIENTED_EDGE('',*,*,#1002,.F.);
#1002 = EDGE_CURVE('',#1003,#995,#1005,.T.);
#1003 = VERTEX_POINT('',#1004);
#1004 = CARTESIAN_POINT('',(-60.09263861494,-61.05134667611,0.));
#1005 = CIRCLE('',#1006,1.1);
#1006 = AXIS2_PLACEMENT_3D('',#1007,#1008,#1009);
#1007 = CARTESIAN_POINT('',(-59.95944084089,-59.95944084089,0.));
#1008 = DIRECTION('',(0.,0.,1.));
#1009 = DIRECTION('',(0.707106781187,0.707106781187,-0.));
#1010 = ORIENTED_EDGE('',*,*,#1011,.F.);
#1011 = EDGE_CURVE('',#1012,#1003,#1014,.T.);
#1012 = VERTEX_POINT('',#1013);
#1013 = CARTESIAN_POINT('',(-59.5,-63.,0.));
#1014 = CIRCLE('',#1015,3.5);
#1015 = AXIS2_PLACEMENT_3D('',#1016,#1017,#1018);
#1016 = CARTESIAN_POINT('',(-63.,-63.,0.));
#1017 = DIRECTION('',(0.,0.,1.));
#1018 = DIRECTION('',(1.,0.,-0.));
#1019 = ORIENTED_EDGE('',*,*,#1020,.F.);
#1020 = EDGE_CURVE('',#1021,#1012,#1023,.T.);
#1021 = VERTEX_POINT('',#1022);
#1022 = CARTESIAN_POINT('',(-60.09263861494,-64.94865332388,0.));
#1023 = CIRCLE('',#1024,3.5);
#1024 = AXIS2_PLACEMENT_3D('',#1025,#1026,#1027);
#1025 = CARTESIAN_POINT('',(-63.,-63.,0.));
#1026 = DIRECTION('',(0.,0.,1.));
#1027 = DIRECTION('',(1.,0.,-0.));
#1028 = ORIENTED_EDGE('',*,*,#1029,.F.);
#1029 = EDGE_CURVE('',#786,#1021,#1030,.T.);
#1030 = CIRCLE('',#1031,1.1);
#1031 = AXIS2_PLACEMENT_3D('',#1032,#1033,#1034);
#1032 = CARTESIAN_POINT('',(-59.95944084089,-66.0405591591,0.));
#1033 = DIRECTION('',(0.,0.,1.));
#1034 = DIRECTION('',(0.707106781187,-0.707106781187,0.));
#1035 = FACE_BOUND('',#1036,.T.);
#1036 = EDGE_LOOP('',(#1037,#1047,#1056,#1065,#1073,#1082,#1091,#1100,
    #1108,#1117,#1126,#1134,#1143,#1152,#1161,#1169,#1178,#1187,#1195,
    #1204,#1213,#1222,#1231,#1239,#1248,#1257,#1265,#1274,#1283));
#1037 = ORIENTED_EDGE('',*,*,#1038,.F.);
#1038 = EDGE_CURVE('',#1039,#1041,#1043,.T.);
#1039 = VERTEX_POINT('',#1040);
#1040 = CARTESIAN_POINT('',(-66.88908729652,57.555277784864,0.));
#1041 = VERTEX_POINT('',#1042);
#1042 = CARTESIAN_POINT('',(-65.26274169979,59.181623381593,0.));
#1043 = LINE('',#1044,#1045);
#1044 = CARTESIAN_POINT('',(-61.44436508139,63.,6.661338147751E-16));
#1045 = VECTOR('',#1046,1.);
#1046 = DIRECTION('',(0.707106781187,0.707106781187,-0.));
#1047 = ORIENTED_EDGE('',*,*,#1048,.F.);
#1048 = EDGE_CURVE('',#1049,#1039,#1051,.T.);
#1049 = VERTEX_POINT('',#1050);
#1050 = CARTESIAN_POINT('',(-68.44472221513,57.555277784864,0.));
#1051 = CIRCLE('',#1052,1.1);
#1052 = AXIS2_PLACEMENT_3D('',#1053,#1054,#1055);
#1053 = CARTESIAN_POINT('',(-67.66690475583,58.333095244169,0.));
#1054 = DIRECTION('',(0.,0.,1.));
#1055 = DIRECTION('',(-0.707106781187,-0.707106781187,0.));
#1056 = ORIENTED_EDGE('',*,*,#1057,.F.);
#1057 = EDGE_CURVE('',#1058,#1049,#1060,.T.);
#1058 = VERTEX_POINT('',#1059);
#1059 = CARTESIAN_POINT('',(-68.44472221513,59.110912703474,0.));
#1060 = CIRCLE('',#1061,1.1);
#1061 = AXIS2_PLACEMENT_3D('',#1062,#1063,#1064);
#1062 = CARTESIAN_POINT('',(-67.66690475583,58.333095244169,0.));
#1063 = DIRECTION('',(0.,0.,1.));
#1064 = DIRECTION('',(-0.707106781187,-0.707106781187,0.));
#1065 = ORIENTED_EDGE('',*,*,#1066,.T.);
#1066 = EDGE_CURVE('',#1058,#1067,#1069,.T.);
#1067 = VERTEX_POINT('',#1068);
#1068 = CARTESIAN_POINT('',(-66.8183766184,60.737258300203,0.));
#1069 = LINE('',#1070,#1071);
#1070 = CARTESIAN_POINT('',(-65.29809703885,62.257537879754,
    6.661338147751E-16));
#1071 = VECTOR('',#1072,1.);
#1072 = DIRECTION('',(0.707106781187,0.707106781187,-0.));
#1073 = ORIENTED_EDGE('',*,*,#1074,.F.);
#1074 = EDGE_CURVE('',#1075,#1067,#1077,.T.);
#1075 = VERTEX_POINT('',#1076);
#1076 = CARTESIAN_POINT('',(-65.90736138505,61.051346676119,0.));
#1077 = CIRCLE('',#1078,1.1);
#1078 = AXIS2_PLACEMENT_3D('',#1079,#1080,#1081);
#1079 = CARTESIAN_POINT('',(-66.0405591591,59.959440840898,0.));
#1080 = DIRECTION('',(0.,0.,1.));
#1081 = DIRECTION('',(-0.707106781187,-0.707106781187,0.));
#1082 = ORIENTED_EDGE('',*,*,#1083,.F.);
#1083 = EDGE_CURVE('',#1084,#1075,#1086,.T.);
#1084 = VERTEX_POINT('',#1085);
#1085 = CARTESIAN_POINT('',(-65.90736138505,64.948653323881,0.));
#1086 = CIRCLE('',#1087,3.5);
#1087 = AXIS2_PLACEMENT_3D('',#1088,#1089,#1090);
#1088 = CARTESIAN_POINT('',(-63.,63.,0.));
#1089 = DIRECTION('',(0.,0.,1.));
#1090 = DIRECTION('',(1.,0.,-0.));
#1091 = ORIENTED_EDGE('',*,*,#1092,.F.);
#1092 = EDGE_CURVE('',#1093,#1084,#1095,.T.);
#1093 = VERTEX_POINT('',#1094);
#1094 = CARTESIAN_POINT('',(-66.8183766184,65.262741699797,0.));
#1095 = CIRCLE('',#1096,1.1);
#1096 = AXIS2_PLACEMENT_3D('',#1097,#1098,#1099);
#1097 = CARTESIAN_POINT('',(-66.0405591591,66.040559159102,0.));
#1098 = DIRECTION('',(0.,0.,1.));
#1099 = DIRECTION('',(-0.707106781187,0.707106781187,0.));
#1100 = ORIENTED_EDGE('',*,*,#1101,.F.);
#1101 = EDGE_CURVE('',#1102,#1093,#1104,.T.);
#1102 = VERTEX_POINT('',#1103);
#1103 = CARTESIAN_POINT('',(-68.44472221513,66.889087296526,0.));
#1104 = LINE('',#1105,#1106);
#1105 = CARTESIAN_POINT('',(-65.29809703885,63.742462120246,0.));
#1106 = VECTOR('',#1107,1.);
#1107 = DIRECTION('',(0.707106781187,-0.707106781187,0.));
#1108 = ORIENTED_EDGE('',*,*,#1109,.F.);
#1109 = EDGE_CURVE('',#1110,#1102,#1112,.T.);
#1110 = VERTEX_POINT('',#1111);
#1111 = CARTESIAN_POINT('',(-68.44472221513,68.444722215136,0.));
#1112 = CIRCLE('',#1113,1.1);
#1113 = AXIS2_PLACEMENT_3D('',#1114,#1115,#1116);
#1114 = CARTESIAN_POINT('',(-67.66690475583,67.666904755831,0.));
#1115 = DIRECTION('',(0.,0.,1.));
#1116 = DIRECTION('',(-0.707106781187,0.707106781187,0.));
#1117 = ORIENTED_EDGE('',*,*,#1118,.F.);
#1118 = EDGE_CURVE('',#1119,#1110,#1121,.T.);
#1119 = VERTEX_POINT('',#1120);
#1120 = CARTESIAN_POINT('',(-66.88908729652,68.444722215136,0.));
#1121 = CIRCLE('',#1122,1.1);
#1122 = AXIS2_PLACEMENT_3D('',#1123,#1124,#1125);
#1123 = CARTESIAN_POINT('',(-67.66690475583,67.666904755831,0.));
#1124 = DIRECTION('',(0.,0.,1.));
#1125 = DIRECTION('',(-0.707106781187,0.707106781187,0.));
#1126 = ORIENTED_EDGE('',*,*,#1127,.T.);
#1127 = EDGE_CURVE('',#1119,#1128,#1130,.T.);
#1128 = VERTEX_POINT('',#1129);
#1129 = CARTESIAN_POINT('',(-65.26274169979,66.818376618407,0.));
#1130 = LINE('',#1131,#1132);
#1131 = CARTESIAN_POINT('',(-63.74246212024,65.298097038856,0.));
#1132 = VECTOR('',#1133,1.);
#1133 = DIRECTION('',(0.707106781187,-0.707106781187,0.));
#1134 = ORIENTED_EDGE('',*,*,#1135,.F.);
#1135 = EDGE_CURVE('',#1136,#1128,#1138,.T.);
#1136 = VERTEX_POINT('',#1137);
#1137 = CARTESIAN_POINT('',(-64.94865332388,65.907361385058,0.));
#1138 = CIRCLE('',#1139,1.1);
#1139 = AXIS2_PLACEMENT_3D('',#1140,#1141,#1142);
#1140 = CARTESIAN_POINT('',(-66.0405591591,66.040559159102,0.));
#1141 = DIRECTION('',(0.,0.,1.));
#1142 = DIRECTION('',(-0.707106781187,0.707106781187,0.));
#1143 = ORIENTED_EDGE('',*,*,#1144,.F.);
#1144 = EDGE_CURVE('',#1145,#1136,#1147,.T.);
#1145 = VERTEX_POINT('',#1146);
#1146 = CARTESIAN_POINT('',(-61.05134667611,65.907361385058,0.));
#1147 = CIRCLE('',#1148,3.5);
#1148 = AXIS2_PLACEMENT_3D('',#1149,#1150,#1151);
#1149 = CARTESIAN_POINT('',(-63.,63.,0.));
#1150 = DIRECTION('',(0.,0.,1.));
#1151 = DIRECTION('',(1.,0.,-0.));
#1152 = ORIENTED_EDGE('',*,*,#1153,.F.);
#1153 = EDGE_CURVE('',#1154,#1145,#1156,.T.);
#1154 = VERTEX_POINT('',#1155);
#1155 = CARTESIAN_POINT('',(-60.7372583002,66.818376618407,0.));
#1156 = CIRCLE('',#1157,1.1);
#1157 = AXIS2_PLACEMENT_3D('',#1158,#1159,#1160);
#1158 = CARTESIAN_POINT('',(-59.95944084089,66.040559159102,0.));
#1159 = DIRECTION('',(0.,0.,1.));
#1160 = DIRECTION('',(0.707106781187,0.707106781187,-0.));
#1161 = ORIENTED_EDGE('',*,*,#1162,.F.);
#1162 = EDGE_CURVE('',#1163,#1154,#1165,.T.);
#1163 = VERTEX_POINT('',#1164);
#1164 = CARTESIAN_POINT('',(-59.11091270347,68.444722215136,0.));
#1165 = LINE('',#1166,#1167);
#1166 = CARTESIAN_POINT('',(-62.25753787975,65.298097038856,0.));
#1167 = VECTOR('',#1168,1.);
#1168 = DIRECTION('',(-0.707106781187,-0.707106781187,0.));
#1169 = ORIENTED_EDGE('',*,*,#1170,.F.);
#1170 = EDGE_CURVE('',#1171,#1163,#1173,.T.);
#1171 = VERTEX_POINT('',#1172);
#1172 = CARTESIAN_POINT('',(-57.55527778486,68.444722215136,0.));
#1173 = CIRCLE('',#1174,1.1);
#1174 = AXIS2_PLACEMENT_3D('',#1175,#1176,#1177);
#1175 = CARTESIAN_POINT('',(-58.33309524416,67.666904755831,0.));
#1176 = DIRECTION('',(0.,0.,1.));
#1177 = DIRECTION('',(0.707106781187,0.707106781187,-0.));
#1178 = ORIENTED_EDGE('',*,*,#1179,.F.);
#1179 = EDGE_CURVE('',#1180,#1171,#1182,.T.);
#1180 = VERTEX_POINT('',#1181);
#1181 = CARTESIAN_POINT('',(-57.55527778486,66.889087296526,0.));
#1182 = CIRCLE('',#1183,1.1);
#1183 = AXIS2_PLACEMENT_3D('',#1184,#1185,#1186);
#1184 = CARTESIAN_POINT('',(-58.33309524416,67.666904755831,0.));
#1185 = DIRECTION('',(0.,0.,1.));
#1186 = DIRECTION('',(0.707106781187,0.707106781187,-0.));
#1187 = ORIENTED_EDGE('',*,*,#1188,.T.);
#1188 = EDGE_CURVE('',#1180,#1189,#1191,.T.);
#1189 = VERTEX_POINT('',#1190);
#1190 = CARTESIAN_POINT('',(-59.18162338159,65.262741699797,0.));
#1191 = LINE('',#1192,#1193);
#1192 = CARTESIAN_POINT('',(-60.70190296114,63.742462120246,0.));
#1193 = VECTOR('',#1194,1.);
#1194 = DIRECTION('',(-0.707106781187,-0.707106781187,0.));
#1195 = ORIENTED_EDGE('',*,*,#1196,.F.);
#1196 = EDGE_CURVE('',#1197,#1189,#1199,.T.);
#1197 = VERTEX_POINT('',#1198);
#1198 = CARTESIAN_POINT('',(-60.09263861494,64.948653323881,0.));
#1199 = CIRCLE('',#1200,1.1);
#1200 = AXIS2_PLACEMENT_3D('',#1201,#1202,#1203);
#1201 = CARTESIAN_POINT('',(-59.95944084089,66.040559159102,0.));
#1202 = DIRECTION('',(0.,0.,1.));
#1203 = DIRECTION('',(0.707106781187,0.707106781187,-0.));
#1204 = ORIENTED_EDGE('',*,*,#1205,.F.);
#1205 = EDGE_CURVE('',#1206,#1197,#1208,.T.);
#1206 = VERTEX_POINT('',#1207);
#1207 = CARTESIAN_POINT('',(-59.5,63.,0.));
#1208 = CIRCLE('',#1209,3.5);
#1209 = AXIS2_PLACEMENT_3D('',#1210,#1211,#1212);
#1210 = CARTESIAN_POINT('',(-63.,63.,0.));
#1211 = DIRECTION('',(0.,0.,1.));
#1212 = DIRECTION('',(1.,0.,-0.));
#1213 = ORIENTED_EDGE('',*,*,#1214,.F.);
#1214 = EDGE_CURVE('',#1215,#1206,#1217,.T.);
#1215 = VERTEX_POINT('',#1216);
#1216 = CARTESIAN_POINT('',(-60.09263861494,61.051346676119,0.));
#1217 = CIRCLE('',#1218,3.5);
#1218 = AXIS2_PLACEMENT_3D('',#1219,#1220,#1221);
#1219 = CARTESIAN_POINT('',(-63.,63.,0.));
#1220 = DIRECTION('',(0.,0.,1.));
#1221 = DIRECTION('',(1.,0.,-0.));
#1222 = ORIENTED_EDGE('',*,*,#1223,.F.);
#1223 = EDGE_CURVE('',#1224,#1215,#1226,.T.);
#1224 = VERTEX_POINT('',#1225);
#1225 = CARTESIAN_POINT('',(-59.18162338159,60.737258300203,0.));
#1226 = CIRCLE('',#1227,1.1);
#1227 = AXIS2_PLACEMENT_3D('',#1228,#1229,#1230);
#1228 = CARTESIAN_POINT('',(-59.95944084089,59.959440840898,0.));
#1229 = DIRECTION('',(0.,0.,1.));
#1230 = DIRECTION('',(0.707106781187,-0.707106781187,0.));
#1231 = ORIENTED_EDGE('',*,*,#1232,.F.);
#1232 = EDGE_CURVE('',#1233,#1224,#1235,.T.);
#1233 = VERTEX_POINT('',#1234);
#1234 = CARTESIAN_POINT('',(-57.55527778486,59.110912703474,0.));
#1235 = LINE('',#1236,#1237);
#1236 = CARTESIAN_POINT('',(-29.20190296114,30.757537879754,0.));
#1237 = VECTOR('',#1238,1.);
#1238 = DIRECTION('',(-0.707106781187,0.707106781187,0.));
#1239 = ORIENTED_EDGE('',*,*,#1240,.F.);
#1240 = EDGE_CURVE('',#1241,#1233,#1243,.T.);
#1241 = VERTEX_POINT('',#1242);
#1242 = CARTESIAN_POINT('',(-57.55527778486,57.555277784864,0.));
#1243 = CIRCLE('',#1244,1.1);
#1244 = AXIS2_PLACEMENT_3D('',#1245,#1246,#1247);
#1245 = CARTESIAN_POINT('',(-58.33309524416,58.333095244169,0.));
#1246 = DIRECTION('',(0.,0.,1.));
#1247 = DIRECTION('',(0.707106781187,-0.707106781187,0.));
#1248 = ORIENTED_EDGE('',*,*,#1249,.F.);
#1249 = EDGE_CURVE('',#1250,#1241,#1252,.T.);
#1250 = VERTEX_POINT('',#1251);
#1251 = CARTESIAN_POINT('',(-59.11091270347,57.555277784864,0.));
#1252 = CIRCLE('',#1253,1.1);
#1253 = AXIS2_PLACEMENT_3D('',#1254,#1255,#1256);
#1254 = CARTESIAN_POINT('',(-58.33309524416,58.333095244169,0.));
#1255 = DIRECTION('',(0.,0.,1.));
#1256 = DIRECTION('',(0.707106781187,-0.707106781187,0.));
#1257 = ORIENTED_EDGE('',*,*,#1258,.T.);
#1258 = EDGE_CURVE('',#1250,#1259,#1261,.T.);
#1259 = VERTEX_POINT('',#1260);
#1260 = CARTESIAN_POINT('',(-60.7372583002,59.181623381593,0.));
#1261 = LINE('',#1262,#1263);
#1262 = CARTESIAN_POINT('',(-30.75753787975,29.201902961144,0.));
#1263 = VECTOR('',#1264,1.);
#1264 = DIRECTION('',(-0.707106781187,0.707106781187,0.));
#1265 = ORIENTED_EDGE('',*,*,#1266,.F.);
#1266 = EDGE_CURVE('',#1267,#1259,#1269,.T.);
#1267 = VERTEX_POINT('',#1268);
#1268 = CARTESIAN_POINT('',(-61.05134667611,60.092638614942,0.));
#1269 = CIRCLE('',#1270,1.1);
#1270 = AXIS2_PLACEMENT_3D('',#1271,#1272,#1273);
#1271 = CARTESIAN_POINT('',(-59.95944084089,59.959440840898,0.));
#1272 = DIRECTION('',(0.,0.,1.));
#1273 = DIRECTION('',(0.707106781187,-0.707106781187,0.));
#1274 = ORIENTED_EDGE('',*,*,#1275,.F.);
#1275 = EDGE_CURVE('',#1276,#1267,#1278,.T.);
#1276 = VERTEX_POINT('',#1277);
#1277 = CARTESIAN_POINT('',(-64.94865332388,60.092638614942,0.));
#1278 = CIRCLE('',#1279,3.5);
#1279 = AXIS2_PLACEMENT_3D('',#1280,#1281,#1282);
#1280 = CARTESIAN_POINT('',(-63.,63.,0.));
#1281 = DIRECTION('',(0.,0.,1.));
#1282 = DIRECTION('',(1.,0.,-0.));
#1283 = ORIENTED_EDGE('',*,*,#1284,.F.);
#1284 = EDGE_CURVE('',#1041,#1276,#1285,.T.);
#1285 = CIRCLE('',#1286,1.1);
#1286 = AXIS2_PLACEMENT_3D('',#1287,#1288,#1289);
#1287 = CARTESIAN_POINT('',(-66.0405591591,59.959440840898,0.));
#1288 = DIRECTION('',(0.,0.,1.));
#1289 = DIRECTION('',(-0.707106781187,-0.707106781187,0.));
#1290 = FACE_BOUND('',#1291,.T.);
#1291 = EDGE_LOOP('',(#1292,#1302,#1311,#1320,#1328,#1337,#1346,#1355,
    #1364,#1372,#1381,#1390,#1398,#1407,#1416,#1425,#1433,#1442,#1451,
    #1459,#1468,#1477,#1486,#1494,#1503,#1512,#1520,#1529,#1538));
#1292 = ORIENTED_EDGE('',*,*,#1293,.F.);
#1293 = EDGE_CURVE('',#1294,#1296,#1298,.T.);
#1294 = VERTEX_POINT('',#1295);
#1295 = CARTESIAN_POINT('',(66.889087296526,-57.55527778486,0.));
#1296 = VERTEX_POINT('',#1297);
#1297 = CARTESIAN_POINT('',(65.262741699797,-59.18162338159,0.));
#1298 = LINE('',#1299,#1300);
#1299 = CARTESIAN_POINT('',(61.44436508139,-63.,0.));
#1300 = VECTOR('',#1301,1.);
#1301 = DIRECTION('',(-0.707106781187,-0.707106781187,0.));
#1302 = ORIENTED_EDGE('',*,*,#1303,.F.);
#1303 = EDGE_CURVE('',#1304,#1294,#1306,.T.);
#1304 = VERTEX_POINT('',#1305);
#1305 = CARTESIAN_POINT('',(68.444722215136,-57.55527778486,0.));
#1306 = CIRCLE('',#1307,1.1);
#1307 = AXIS2_PLACEMENT_3D('',#1308,#1309,#1310);
#1308 = CARTESIAN_POINT('',(67.666904755831,-58.33309524416,0.));
#1309 = DIRECTION('',(0.,0.,1.));
#1310 = DIRECTION('',(0.707106781187,0.707106781187,-0.));
#1311 = ORIENTED_EDGE('',*,*,#1312,.F.);
#1312 = EDGE_CURVE('',#1313,#1304,#1315,.T.);
#1313 = VERTEX_POINT('',#1314);
#1314 = CARTESIAN_POINT('',(68.444722215136,-59.11091270347,0.));
#1315 = CIRCLE('',#1316,1.1);
#1316 = AXIS2_PLACEMENT_3D('',#1317,#1318,#1319);
#1317 = CARTESIAN_POINT('',(67.666904755831,-58.33309524416,0.));
#1318 = DIRECTION('',(0.,0.,1.));
#1319 = DIRECTION('',(0.707106781187,0.707106781187,-0.));
#1320 = ORIENTED_EDGE('',*,*,#1321,.T.);
#1321 = EDGE_CURVE('',#1313,#1322,#1324,.T.);
#1322 = VERTEX_POINT('',#1323);
#1323 = CARTESIAN_POINT('',(66.818376618407,-60.7372583002,0.));
#1324 = LINE('',#1325,#1326);
#1325 = CARTESIAN_POINT('',(65.298097038856,-62.25753787975,0.));
#1326 = VECTOR('',#1327,1.);
#1327 = DIRECTION('',(-0.707106781187,-0.707106781187,0.));
#1328 = ORIENTED_EDGE('',*,*,#1329,.F.);
#1329 = EDGE_CURVE('',#1330,#1322,#1332,.T.);
#1330 = VERTEX_POINT('',#1331);
#1331 = CARTESIAN_POINT('',(65.907361385058,-61.05134667611,0.));
#1332 = CIRCLE('',#1333,1.1);
#1333 = AXIS2_PLACEMENT_3D('',#1334,#1335,#1336);
#1334 = CARTESIAN_POINT('',(66.040559159102,-59.95944084089,0.));
#1335 = DIRECTION('',(0.,0.,1.));
#1336 = DIRECTION('',(0.707106781187,0.707106781187,-0.));
#1337 = ORIENTED_EDGE('',*,*,#1338,.F.);
#1338 = EDGE_CURVE('',#1339,#1330,#1341,.T.);
#1339 = VERTEX_POINT('',#1340);
#1340 = CARTESIAN_POINT('',(66.5,-63.,0.));
#1341 = CIRCLE('',#1342,3.5);
#1342 = AXIS2_PLACEMENT_3D('',#1343,#1344,#1345);
#1343 = CARTESIAN_POINT('',(63.,-63.,0.));
#1344 = DIRECTION('',(0.,0.,1.));
#1345 = DIRECTION('',(1.,0.,-0.));
#1346 = ORIENTED_EDGE('',*,*,#1347,.F.);
#1347 = EDGE_CURVE('',#1348,#1339,#1350,.T.);
#1348 = VERTEX_POINT('',#1349);
#1349 = CARTESIAN_POINT('',(65.907361385058,-64.94865332388,0.));
#1350 = CIRCLE('',#1351,3.5);
#1351 = AXIS2_PLACEMENT_3D('',#1352,#1353,#1354);
#1352 = CARTESIAN_POINT('',(63.,-63.,0.));
#1353 = DIRECTION('',(0.,0.,1.));
#1354 = DIRECTION('',(1.,0.,-0.));
#1355 = ORIENTED_EDGE('',*,*,#1356,.F.);
#1356 = EDGE_CURVE('',#1357,#1348,#1359,.T.);
#1357 = VERTEX_POINT('',#1358);
#1358 = CARTESIAN_POINT('',(66.818376618407,-65.26274169979,0.));
#1359 = CIRCLE('',#1360,1.1);
#1360 = AXIS2_PLACEMENT_3D('',#1361,#1362,#1363);
#1361 = CARTESIAN_POINT('',(66.040559159102,-66.0405591591,0.));
#1362 = DIRECTION('',(0.,0.,1.));
#1363 = DIRECTION('',(0.707106781187,-0.707106781187,0.));
#1364 = ORIENTED_EDGE('',*,*,#1365,.F.);
#1365 = EDGE_CURVE('',#1366,#1357,#1368,.T.);
#1366 = VERTEX_POINT('',#1367);
#1367 = CARTESIAN_POINT('',(68.444722215136,-66.88908729652,0.));
#1368 = LINE('',#1369,#1370);
#1369 = CARTESIAN_POINT('',(65.298097038856,-63.74246212024,0.));
#1370 = VECTOR('',#1371,1.);
#1371 = DIRECTION('',(-0.707106781187,0.707106781187,0.));
#1372 = ORIENTED_EDGE('',*,*,#1373,.F.);
#1373 = EDGE_CURVE('',#1374,#1366,#1376,.T.);
#1374 = VERTEX_POINT('',#1375);
#1375 = CARTESIAN_POINT('',(68.444722215136,-68.44472221513,0.));
#1376 = CIRCLE('',#1377,1.1);
#1377 = AXIS2_PLACEMENT_3D('',#1378,#1379,#1380);
#1378 = CARTESIAN_POINT('',(67.666904755831,-67.66690475583,0.));
#1379 = DIRECTION('',(0.,0.,1.));
#1380 = DIRECTION('',(0.707106781187,-0.707106781187,0.));
#1381 = ORIENTED_EDGE('',*,*,#1382,.F.);
#1382 = EDGE_CURVE('',#1383,#1374,#1385,.T.);
#1383 = VERTEX_POINT('',#1384);
#1384 = CARTESIAN_POINT('',(66.889087296526,-68.44472221513,0.));
#1385 = CIRCLE('',#1386,1.1);
#1386 = AXIS2_PLACEMENT_3D('',#1387,#1388,#1389);
#1387 = CARTESIAN_POINT('',(67.666904755831,-67.66690475583,0.));
#1388 = DIRECTION('',(0.,0.,1.));
#1389 = DIRECTION('',(0.707106781187,-0.707106781187,0.));
#1390 = ORIENTED_EDGE('',*,*,#1391,.T.);
#1391 = EDGE_CURVE('',#1383,#1392,#1394,.T.);
#1392 = VERTEX_POINT('',#1393);
#1393 = CARTESIAN_POINT('',(65.262741699797,-66.8183766184,0.));
#1394 = LINE('',#1395,#1396);
#1395 = CARTESIAN_POINT('',(63.742462120246,-65.29809703885,0.));
#1396 = VECTOR('',#1397,1.);
#1397 = DIRECTION('',(-0.707106781187,0.707106781187,0.));
#1398 = ORIENTED_EDGE('',*,*,#1399,.F.);
#1399 = EDGE_CURVE('',#1400,#1392,#1402,.T.);
#1400 = VERTEX_POINT('',#1401);
#1401 = CARTESIAN_POINT('',(64.948653323881,-65.90736138505,0.));
#1402 = CIRCLE('',#1403,1.1);
#1403 = AXIS2_PLACEMENT_3D('',#1404,#1405,#1406);
#1404 = CARTESIAN_POINT('',(66.040559159102,-66.0405591591,0.));
#1405 = DIRECTION('',(0.,0.,1.));
#1406 = DIRECTION('',(0.707106781187,-0.707106781187,0.));
#1407 = ORIENTED_EDGE('',*,*,#1408,.F.);
#1408 = EDGE_CURVE('',#1409,#1400,#1411,.T.);
#1409 = VERTEX_POINT('',#1410);
#1410 = CARTESIAN_POINT('',(61.051346676119,-65.90736138505,0.));
#1411 = CIRCLE('',#1412,3.5);
#1412 = AXIS2_PLACEMENT_3D('',#1413,#1414,#1415);
#1413 = CARTESIAN_POINT('',(63.,-63.,0.));
#1414 = DIRECTION('',(0.,0.,1.));
#1415 = DIRECTION('',(1.,0.,-0.));
#1416 = ORIENTED_EDGE('',*,*,#1417,.F.);
#1417 = EDGE_CURVE('',#1418,#1409,#1420,.T.);
#1418 = VERTEX_POINT('',#1419);
#1419 = CARTESIAN_POINT('',(60.737258300203,-66.8183766184,0.));
#1420 = CIRCLE('',#1421,1.1);
#1421 = AXIS2_PLACEMENT_3D('',#1422,#1423,#1424);
#1422 = CARTESIAN_POINT('',(59.959440840898,-66.0405591591,0.));
#1423 = DIRECTION('',(0.,0.,1.));
#1424 = DIRECTION('',(-0.707106781187,-0.707106781187,0.));
#1425 = ORIENTED_EDGE('',*,*,#1426,.F.);
#1426 = EDGE_CURVE('',#1427,#1418,#1429,.T.);
#1427 = VERTEX_POINT('',#1428);
#1428 = CARTESIAN_POINT('',(59.110912703474,-68.44472221513,0.));
#1429 = LINE('',#1430,#1431);
#1430 = CARTESIAN_POINT('',(62.257537879754,-65.29809703885,
    6.661338147751E-16));
#1431 = VECTOR('',#1432,1.);
#1432 = DIRECTION('',(0.707106781187,0.707106781187,-0.));
#1433 = ORIENTED_EDGE('',*,*,#1434,.F.);
#1434 = EDGE_CURVE('',#1435,#1427,#1437,.T.);
#1435 = VERTEX_POINT('',#1436);
#1436 = CARTESIAN_POINT('',(57.555277784864,-68.44472221513,0.));
#1437 = CIRCLE('',#1438,1.1);
#1438 = AXIS2_PLACEMENT_3D('',#1439,#1440,#1441);
#1439 = CARTESIAN_POINT('',(58.333095244169,-67.66690475583,0.));
#1440 = DIRECTION('',(0.,0.,1.));
#1441 = DIRECTION('',(-0.707106781187,-0.707106781187,0.));
#1442 = ORIENTED_EDGE('',*,*,#1443,.F.);
#1443 = EDGE_CURVE('',#1444,#1435,#1446,.T.);
#1444 = VERTEX_POINT('',#1445);
#1445 = CARTESIAN_POINT('',(57.555277784864,-66.88908729652,0.));
#1446 = CIRCLE('',#1447,1.1);
#1447 = AXIS2_PLACEMENT_3D('',#1448,#1449,#1450);
#1448 = CARTESIAN_POINT('',(58.333095244169,-67.66690475583,0.));
#1449 = DIRECTION('',(0.,0.,1.));
#1450 = DIRECTION('',(-0.707106781187,-0.707106781187,0.));
#1451 = ORIENTED_EDGE('',*,*,#1452,.T.);
#1452 = EDGE_CURVE('',#1444,#1453,#1455,.T.);
#1453 = VERTEX_POINT('',#1454);
#1454 = CARTESIAN_POINT('',(59.181623381593,-65.26274169979,0.));
#1455 = LINE('',#1456,#1457);
#1456 = CARTESIAN_POINT('',(60.701902961144,-63.74246212024,
    6.661338147751E-16));
#1457 = VECTOR('',#1458,1.);
#1458 = DIRECTION('',(0.707106781187,0.707106781187,-0.));
#1459 = ORIENTED_EDGE('',*,*,#1460,.F.);
#1460 = EDGE_CURVE('',#1461,#1453,#1463,.T.);
#1461 = VERTEX_POINT('',#1462);
#1462 = CARTESIAN_POINT('',(60.092638614942,-64.94865332388,0.));
#1463 = CIRCLE('',#1464,1.1);
#1464 = AXIS2_PLACEMENT_3D('',#1465,#1466,#1467);
#1465 = CARTESIAN_POINT('',(59.959440840898,-66.0405591591,0.));
#1466 = DIRECTION('',(0.,0.,1.));
#1467 = DIRECTION('',(-0.707106781187,-0.707106781187,0.));
#1468 = ORIENTED_EDGE('',*,*,#1469,.F.);
#1469 = EDGE_CURVE('',#1470,#1461,#1472,.T.);
#1470 = VERTEX_POINT('',#1471);
#1471 = CARTESIAN_POINT('',(60.092638614942,-61.05134667611,0.));
#1472 = CIRCLE('',#1473,3.5);
#1473 = AXIS2_PLACEMENT_3D('',#1474,#1475,#1476);
#1474 = CARTESIAN_POINT('',(63.,-63.,0.));
#1475 = DIRECTION('',(0.,0.,1.));
#1476 = DIRECTION('',(1.,0.,-0.));
#1477 = ORIENTED_EDGE('',*,*,#1478,.F.);
#1478 = EDGE_CURVE('',#1479,#1470,#1481,.T.);
#1479 = VERTEX_POINT('',#1480);
#1480 = CARTESIAN_POINT('',(59.181623381593,-60.7372583002,0.));
#1481 = CIRCLE('',#1482,1.1);
#1482 = AXIS2_PLACEMENT_3D('',#1483,#1484,#1485);
#1483 = CARTESIAN_POINT('',(59.959440840898,-59.95944084089,0.));
#1484 = DIRECTION('',(0.,0.,1.));
#1485 = DIRECTION('',(-0.707106781187,0.707106781187,0.));
#1486 = ORIENTED_EDGE('',*,*,#1487,.F.);
#1487 = EDGE_CURVE('',#1488,#1479,#1490,.T.);
#1488 = VERTEX_POINT('',#1489);
#1489 = CARTESIAN_POINT('',(57.555277784864,-59.11091270347,0.));
#1490 = LINE('',#1491,#1492);
#1491 = CARTESIAN_POINT('',(29.201902961144,-30.75753787975,0.));
#1492 = VECTOR('',#1493,1.);
#1493 = DIRECTION('',(0.707106781187,-0.707106781187,0.));
#1494 = ORIENTED_EDGE('',*,*,#1495,.F.);
#1495 = EDGE_CURVE('',#1496,#1488,#1498,.T.);
#1496 = VERTEX_POINT('',#1497);
#1497 = CARTESIAN_POINT('',(57.555277784864,-57.55527778486,0.));
#1498 = CIRCLE('',#1499,1.1);
#1499 = AXIS2_PLACEMENT_3D('',#1500,#1501,#1502);
#1500 = CARTESIAN_POINT('',(58.333095244169,-58.33309524416,0.));
#1501 = DIRECTION('',(0.,0.,1.));
#1502 = DIRECTION('',(-0.707106781187,0.707106781187,0.));
#1503 = ORIENTED_EDGE('',*,*,#1504,.F.);
#1504 = EDGE_CURVE('',#1505,#1496,#1507,.T.);
#1505 = VERTEX_POINT('',#1506);
#1506 = CARTESIAN_POINT('',(59.110912703474,-57.55527778486,0.));
#1507 = CIRCLE('',#1508,1.1);
#1508 = AXIS2_PLACEMENT_3D('',#1509,#1510,#1511);
#1509 = CARTESIAN_POINT('',(58.333095244169,-58.33309524416,0.));
#1510 = DIRECTION('',(0.,0.,1.));
#1511 = DIRECTION('',(-0.707106781187,0.707106781187,0.));
#1512 = ORIENTED_EDGE('',*,*,#1513,.T.);
#1513 = EDGE_CURVE('',#1505,#1514,#1516,.T.);
#1514 = VERTEX_POINT('',#1515);
#1515 = CARTESIAN_POINT('',(60.737258300203,-59.18162338159,0.));
#1516 = LINE('',#1517,#1518);
#1517 = CARTESIAN_POINT('',(30.757537879754,-29.20190296114,0.));
#1518 = VECTOR('',#1519,1.);
#1519 = DIRECTION('',(0.707106781187,-0.707106781187,0.));
#1520 = ORIENTED_EDGE('',*,*,#1521,.F.);
#1521 = EDGE_CURVE('',#1522,#1514,#1524,.T.);
#1522 = VERTEX_POINT('',#1523);
#1523 = CARTESIAN_POINT('',(61.051346676119,-60.09263861494,0.));
#1524 = CIRCLE('',#1525,1.1);
#1525 = AXIS2_PLACEMENT_3D('',#1526,#1527,#1528);
#1526 = CARTESIAN_POINT('',(59.959440840898,-59.95944084089,0.));
#1527 = DIRECTION('',(0.,0.,1.));
#1528 = DIRECTION('',(-0.707106781187,0.707106781187,0.));
#1529 = ORIENTED_EDGE('',*,*,#1530,.F.);
#1530 = EDGE_CURVE('',#1531,#1522,#1533,.T.);
#1531 = VERTEX_POINT('',#1532);
#1532 = CARTESIAN_POINT('',(64.948653323881,-60.09263861494,0.));
#1533 = CIRCLE('',#1534,3.5);
#1534 = AXIS2_PLACEMENT_3D('',#1535,#1536,#1537);
#1535 = CARTESIAN_POINT('',(63.,-63.,0.));
#1536 = DIRECTION('',(0.,0.,1.));
#1537 = DIRECTION('',(1.,0.,-0.));
#1538 = ORIENTED_EDGE('',*,*,#1539,.F.);
#1539 = EDGE_CURVE('',#1296,#1531,#1540,.T.);
#1540 = CIRCLE('',#1541,1.1);
#1541 = AXIS2_PLACEMENT_3D('',#1542,#1543,#1544);
#1542 = CARTESIAN_POINT('',(66.040559159102,-59.95944084089,0.));
#1543 = DIRECTION('',(0.,0.,1.));
#1544 = DIRECTION('',(0.707106781187,0.707106781187,-0.));
#1545 = FACE_BOUND('',#1546,.T.);
#1546 = EDGE_LOOP('',(#1547,#1557,#1566,#1575,#1583,#1592,#1601,#1610,
    #1618,#1627,#1636,#1644,#1653,#1662,#1671,#1680,#1688,#1697,#1706,
    #1714,#1723,#1732,#1741,#1749,#1758,#1767,#1775,#1784,#1793));
#1547 = ORIENTED_EDGE('',*,*,#1548,.F.);
#1548 = EDGE_CURVE('',#1549,#1551,#1553,.T.);
#1549 = VERTEX_POINT('',#1550);
#1550 = CARTESIAN_POINT('',(57.555277784864,66.889087296526,0.));
#1551 = VERTEX_POINT('',#1552);
#1552 = CARTESIAN_POINT('',(59.181623381593,65.262741699797,0.));
#1553 = LINE('',#1554,#1555);
#1554 = CARTESIAN_POINT('',(63.,61.44436508139,0.));
#1555 = VECTOR('',#1556,1.);
#1556 = DIRECTION('',(0.707106781187,-0.707106781187,0.));
#1557 = ORIENTED_EDGE('',*,*,#1558,.F.);
#1558 = EDGE_CURVE('',#1559,#1549,#1561,.T.);
#1559 = VERTEX_POINT('',#1560);
#1560 = CARTESIAN_POINT('',(57.555277784864,68.444722215136,0.));
#1561 = CIRCLE('',#1562,1.1);
#1562 = AXIS2_PLACEMENT_3D('',#1563,#1564,#1565);
#1563 = CARTESIAN_POINT('',(58.333095244169,67.666904755831,0.));
#1564 = DIRECTION('',(0.,0.,1.));
#1565 = DIRECTION('',(-0.707106781187,0.707106781187,0.));
#1566 = ORIENTED_EDGE('',*,*,#1567,.F.);
#1567 = EDGE_CURVE('',#1568,#1559,#1570,.T.);
#1568 = VERTEX_POINT('',#1569);
#1569 = CARTESIAN_POINT('',(59.110912703474,68.444722215136,0.));
#1570 = CIRCLE('',#1571,1.1);
#1571 = AXIS2_PLACEMENT_3D('',#1572,#1573,#1574);
#1572 = CARTESIAN_POINT('',(58.333095244169,67.666904755831,0.));
#1573 = DIRECTION('',(0.,0.,1.));
#1574 = DIRECTION('',(-0.707106781187,0.707106781187,0.));
#1575 = ORIENTED_EDGE('',*,*,#1576,.T.);
#1576 = EDGE_CURVE('',#1568,#1577,#1579,.T.);
#1577 = VERTEX_POINT('',#1578);
#1578 = CARTESIAN_POINT('',(60.737258300203,66.818376618407,0.));
#1579 = LINE('',#1580,#1581);
#1580 = CARTESIAN_POINT('',(62.257537879754,65.298097038856,0.));
#1581 = VECTOR('',#1582,1.);
#1582 = DIRECTION('',(0.707106781187,-0.707106781187,0.));
#1583 = ORIENTED_EDGE('',*,*,#1584,.F.);
#1584 = EDGE_CURVE('',#1585,#1577,#1587,.T.);
#1585 = VERTEX_POINT('',#1586);
#1586 = CARTESIAN_POINT('',(61.051346676119,65.907361385058,0.));
#1587 = CIRCLE('',#1588,1.1);
#1588 = AXIS2_PLACEMENT_3D('',#1589,#1590,#1591);
#1589 = CARTESIAN_POINT('',(59.959440840898,66.040559159102,0.));
#1590 = DIRECTION('',(0.,0.,1.));
#1591 = DIRECTION('',(-0.707106781187,0.707106781187,0.));
#1592 = ORIENTED_EDGE('',*,*,#1593,.F.);
#1593 = EDGE_CURVE('',#1594,#1585,#1596,.T.);
#1594 = VERTEX_POINT('',#1595);
#1595 = CARTESIAN_POINT('',(64.948653323881,65.907361385058,0.));
#1596 = CIRCLE('',#1597,3.5);
#1597 = AXIS2_PLACEMENT_3D('',#1598,#1599,#1600);
#1598 = CARTESIAN_POINT('',(63.,63.,0.));
#1599 = DIRECTION('',(0.,0.,1.));
#1600 = DIRECTION('',(1.,0.,-0.));
#1601 = ORIENTED_EDGE('',*,*,#1602,.F.);
#1602 = EDGE_CURVE('',#1603,#1594,#1605,.T.);
#1603 = VERTEX_POINT('',#1604);
#1604 = CARTESIAN_POINT('',(65.262741699797,66.818376618407,0.));
#1605 = CIRCLE('',#1606,1.1);
#1606 = AXIS2_PLACEMENT_3D('',#1607,#1608,#1609);
#1607 = CARTESIAN_POINT('',(66.040559159102,66.040559159102,0.));
#1608 = DIRECTION('',(0.,0.,1.));
#1609 = DIRECTION('',(0.707106781187,0.707106781187,-0.));
#1610 = ORIENTED_EDGE('',*,*,#1611,.F.);
#1611 = EDGE_CURVE('',#1612,#1603,#1614,.T.);
#1612 = VERTEX_POINT('',#1613);
#1613 = CARTESIAN_POINT('',(66.889087296526,68.444722215136,0.));
#1614 = LINE('',#1615,#1616);
#1615 = CARTESIAN_POINT('',(63.742462120246,65.298097038856,0.));
#1616 = VECTOR('',#1617,1.);
#1617 = DIRECTION('',(-0.707106781187,-0.707106781187,0.));
#1618 = ORIENTED_EDGE('',*,*,#1619,.F.);
#1619 = EDGE_CURVE('',#1620,#1612,#1622,.T.);
#1620 = VERTEX_POINT('',#1621);
#1621 = CARTESIAN_POINT('',(68.444722215136,68.444722215136,0.));
#1622 = CIRCLE('',#1623,1.1);
#1623 = AXIS2_PLACEMENT_3D('',#1624,#1625,#1626);
#1624 = CARTESIAN_POINT('',(67.666904755831,67.666904755831,0.));
#1625 = DIRECTION('',(0.,0.,1.));
#1626 = DIRECTION('',(0.707106781187,0.707106781187,-0.));
#1627 = ORIENTED_EDGE('',*,*,#1628,.F.);
#1628 = EDGE_CURVE('',#1629,#1620,#1631,.T.);
#1629 = VERTEX_POINT('',#1630);
#1630 = CARTESIAN_POINT('',(68.444722215136,66.889087296526,0.));
#1631 = CIRCLE('',#1632,1.1);
#1632 = AXIS2_PLACEMENT_3D('',#1633,#1634,#1635);
#1633 = CARTESIAN_POINT('',(67.666904755831,67.666904755831,0.));
#1634 = DIRECTION('',(0.,0.,1.));
#1635 = DIRECTION('',(0.707106781187,0.707106781187,-0.));
#1636 = ORIENTED_EDGE('',*,*,#1637,.T.);
#1637 = EDGE_CURVE('',#1629,#1638,#1640,.T.);
#1638 = VERTEX_POINT('',#1639);
#1639 = CARTESIAN_POINT('',(66.818376618407,65.262741699797,0.));
#1640 = LINE('',#1641,#1642);
#1641 = CARTESIAN_POINT('',(65.298097038856,63.742462120246,0.));
#1642 = VECTOR('',#1643,1.);
#1643 = DIRECTION('',(-0.707106781187,-0.707106781187,0.));
#1644 = ORIENTED_EDGE('',*,*,#1645,.F.);
#1645 = EDGE_CURVE('',#1646,#1638,#1648,.T.);
#1646 = VERTEX_POINT('',#1647);
#1647 = CARTESIAN_POINT('',(65.907361385058,64.948653323881,0.));
#1648 = CIRCLE('',#1649,1.1);
#1649 = AXIS2_PLACEMENT_3D('',#1650,#1651,#1652);
#1650 = CARTESIAN_POINT('',(66.040559159102,66.040559159102,0.));
#1651 = DIRECTION('',(0.,0.,1.));
#1652 = DIRECTION('',(0.707106781187,0.707106781187,-0.));
#1653 = ORIENTED_EDGE('',*,*,#1654,.F.);
#1654 = EDGE_CURVE('',#1655,#1646,#1657,.T.);
#1655 = VERTEX_POINT('',#1656);
#1656 = CARTESIAN_POINT('',(66.5,63.,0.));
#1657 = CIRCLE('',#1658,3.5);
#1658 = AXIS2_PLACEMENT_3D('',#1659,#1660,#1661);
#1659 = CARTESIAN_POINT('',(63.,63.,0.));
#1660 = DIRECTION('',(0.,0.,1.));
#1661 = DIRECTION('',(1.,0.,-0.));
#1662 = ORIENTED_EDGE('',*,*,#1663,.F.);
#1663 = EDGE_CURVE('',#1664,#1655,#1666,.T.);
#1664 = VERTEX_POINT('',#1665);
#1665 = CARTESIAN_POINT('',(65.907361385058,61.051346676119,0.));
#1666 = CIRCLE('',#1667,3.5);
#1667 = AXIS2_PLACEMENT_3D('',#1668,#1669,#1670);
#1668 = CARTESIAN_POINT('',(63.,63.,0.));
#1669 = DIRECTION('',(0.,0.,1.));
#1670 = DIRECTION('',(1.,0.,-0.));
#1671 = ORIENTED_EDGE('',*,*,#1672,.F.);
#1672 = EDGE_CURVE('',#1673,#1664,#1675,.T.);
#1673 = VERTEX_POINT('',#1674);
#1674 = CARTESIAN_POINT('',(66.818376618407,60.737258300203,0.));
#1675 = CIRCLE('',#1676,1.1);
#1676 = AXIS2_PLACEMENT_3D('',#1677,#1678,#1679);
#1677 = CARTESIAN_POINT('',(66.040559159102,59.959440840898,0.));
#1678 = DIRECTION('',(0.,0.,1.));
#1679 = DIRECTION('',(0.707106781187,-0.707106781187,0.));
#1680 = ORIENTED_EDGE('',*,*,#1681,.F.);
#1681 = EDGE_CURVE('',#1682,#1673,#1684,.T.);
#1682 = VERTEX_POINT('',#1683);
#1683 = CARTESIAN_POINT('',(68.444722215136,59.110912703474,0.));
#1684 = LINE('',#1685,#1686);
#1685 = CARTESIAN_POINT('',(65.298097038856,62.257537879754,0.));
#1686 = VECTOR('',#1687,1.);
#1687 = DIRECTION('',(-0.707106781187,0.707106781187,0.));
#1688 = ORIENTED_EDGE('',*,*,#1689,.F.);
#1689 = EDGE_CURVE('',#1690,#1682,#1692,.T.);
#1690 = VERTEX_POINT('',#1691);
#1691 = CARTESIAN_POINT('',(68.444722215136,57.555277784864,0.));
#1692 = CIRCLE('',#1693,1.1);
#1693 = AXIS2_PLACEMENT_3D('',#1694,#1695,#1696);
#1694 = CARTESIAN_POINT('',(67.666904755831,58.333095244169,0.));
#1695 = DIRECTION('',(0.,0.,1.));
#1696 = DIRECTION('',(0.707106781187,-0.707106781187,0.));
#1697 = ORIENTED_EDGE('',*,*,#1698,.F.);
#1698 = EDGE_CURVE('',#1699,#1690,#1701,.T.);
#1699 = VERTEX_POINT('',#1700);
#1700 = CARTESIAN_POINT('',(66.889087296526,57.555277784864,0.));
#1701 = CIRCLE('',#1702,1.1);
#1702 = AXIS2_PLACEMENT_3D('',#1703,#1704,#1705);
#1703 = CARTESIAN_POINT('',(67.666904755831,58.333095244169,0.));
#1704 = DIRECTION('',(0.,0.,1.));
#1705 = DIRECTION('',(0.707106781187,-0.707106781187,0.));
#1706 = ORIENTED_EDGE('',*,*,#1707,.T.);
#1707 = EDGE_CURVE('',#1699,#1708,#1710,.T.);
#1708 = VERTEX_POINT('',#1709);
#1709 = CARTESIAN_POINT('',(65.262741699797,59.181623381593,0.));
#1710 = LINE('',#1711,#1712);
#1711 = CARTESIAN_POINT('',(63.742462120246,60.701902961144,0.));
#1712 = VECTOR('',#1713,1.);
#1713 = DIRECTION('',(-0.707106781187,0.707106781187,0.));
#1714 = ORIENTED_EDGE('',*,*,#1715,.F.);
#1715 = EDGE_CURVE('',#1716,#1708,#1718,.T.);
#1716 = VERTEX_POINT('',#1717);
#1717 = CARTESIAN_POINT('',(64.948653323881,60.092638614942,0.));
#1718 = CIRCLE('',#1719,1.1);
#1719 = AXIS2_PLACEMENT_3D('',#1720,#1721,#1722);
#1720 = CARTESIAN_POINT('',(66.040559159102,59.959440840898,0.));
#1721 = DIRECTION('',(0.,0.,1.));
#1722 = DIRECTION('',(0.707106781187,-0.707106781187,0.));
#1723 = ORIENTED_EDGE('',*,*,#1724,.F.);
#1724 = EDGE_CURVE('',#1725,#1716,#1727,.T.);
#1725 = VERTEX_POINT('',#1726);
#1726 = CARTESIAN_POINT('',(61.051346676119,60.092638614942,0.));
#1727 = CIRCLE('',#1728,3.5);
#1728 = AXIS2_PLACEMENT_3D('',#1729,#1730,#1731);
#1729 = CARTESIAN_POINT('',(63.,63.,0.));
#1730 = DIRECTION('',(0.,0.,1.));
#1731 = DIRECTION('',(1.,0.,-0.));
#1732 = ORIENTED_EDGE('',*,*,#1733,.F.);
#1733 = EDGE_CURVE('',#1734,#1725,#1736,.T.);
#1734 = VERTEX_POINT('',#1735);
#1735 = CARTESIAN_POINT('',(60.737258300203,59.181623381593,0.));
#1736 = CIRCLE('',#1737,1.1);
#1737 = AXIS2_PLACEMENT_3D('',#1738,#1739,#1740);
#1738 = CARTESIAN_POINT('',(59.959440840898,59.959440840898,0.));
#1739 = DIRECTION('',(0.,0.,1.));
#1740 = DIRECTION('',(-0.707106781187,-0.707106781187,0.));
#1741 = ORIENTED_EDGE('',*,*,#1742,.F.);
#1742 = EDGE_CURVE('',#1743,#1734,#1745,.T.);
#1743 = VERTEX_POINT('',#1744);
#1744 = CARTESIAN_POINT('',(59.110912703474,57.555277784864,0.));
#1745 = LINE('',#1746,#1747);
#1746 = CARTESIAN_POINT('',(30.757537879754,29.201902961144,
    6.661338147751E-16));
#1747 = VECTOR('',#1748,1.);
#1748 = DIRECTION('',(0.707106781187,0.707106781187,-0.));
#1749 = ORIENTED_EDGE('',*,*,#1750,.F.);
#1750 = EDGE_CURVE('',#1751,#1743,#1753,.T.);
#1751 = VERTEX_POINT('',#1752);
#1752 = CARTESIAN_POINT('',(57.555277784864,57.555277784864,0.));
#1753 = CIRCLE('',#1754,1.1);
#1754 = AXIS2_PLACEMENT_3D('',#1755,#1756,#1757);
#1755 = CARTESIAN_POINT('',(58.333095244169,58.333095244169,0.));
#1756 = DIRECTION('',(0.,0.,1.));
#1757 = DIRECTION('',(-0.707106781187,-0.707106781187,0.));
#1758 = ORIENTED_EDGE('',*,*,#1759,.F.);
#1759 = EDGE_CURVE('',#1760,#1751,#1762,.T.);
#1760 = VERTEX_POINT('',#1761);
#1761 = CARTESIAN_POINT('',(57.555277784864,59.110912703474,0.));
#1762 = CIRCLE('',#1763,1.1);
#1763 = AXIS2_PLACEMENT_3D('',#1764,#1765,#1766);
#1764 = CARTESIAN_POINT('',(58.333095244169,58.333095244169,0.));
#1765 = DIRECTION('',(0.,0.,1.));
#1766 = DIRECTION('',(-0.707106781187,-0.707106781187,0.));
#1767 = ORIENTED_EDGE('',*,*,#1768,.T.);
#1768 = EDGE_CURVE('',#1760,#1769,#1771,.T.);
#1769 = VERTEX_POINT('',#1770);
#1770 = CARTESIAN_POINT('',(59.181623381593,60.737258300203,0.));
#1771 = LINE('',#1772,#1773);
#1772 = CARTESIAN_POINT('',(29.201902961144,30.757537879754,
    6.661338147751E-16));
#1773 = VECTOR('',#1774,1.);
#1774 = DIRECTION('',(0.707106781187,0.707106781187,-0.));
#1775 = ORIENTED_EDGE('',*,*,#1776,.F.);
#1776 = EDGE_CURVE('',#1777,#1769,#1779,.T.);
#1777 = VERTEX_POINT('',#1778);
#1778 = CARTESIAN_POINT('',(60.092638614942,61.051346676119,0.));
#1779 = CIRCLE('',#1780,1.1);
#1780 = AXIS2_PLACEMENT_3D('',#1781,#1782,#1783);
#1781 = CARTESIAN_POINT('',(59.959440840898,59.959440840898,0.));
#1782 = DIRECTION('',(0.,0.,1.));
#1783 = DIRECTION('',(-0.707106781187,-0.707106781187,0.));
#1784 = ORIENTED_EDGE('',*,*,#1785,.F.);
#1785 = EDGE_CURVE('',#1786,#1777,#1788,.T.);
#1786 = VERTEX_POINT('',#1787);
#1787 = CARTESIAN_POINT('',(60.092638614942,64.948653323881,0.));
#1788 = CIRCLE('',#1789,3.5);
#1789 = AXIS2_PLACEMENT_3D('',#1790,#1791,#1792);
#1790 = CARTESIAN_POINT('',(63.,63.,0.));
#1791 = DIRECTION('',(0.,0.,1.));
#1792 = DIRECTION('',(1.,0.,-0.));
#1793 = ORIENTED_EDGE('',*,*,#1794,.F.);
#1794 = EDGE_CURVE('',#1551,#1786,#1795,.T.);
#1795 = CIRCLE('',#1796,1.1);
#1796 = AXIS2_PLACEMENT_3D('',#1797,#1798,#1799);
#1797 = CARTESIAN_POINT('',(59.959440840898,66.040559159102,0.));
#1798 = DIRECTION('',(0.,0.,1.));
#1799 = DIRECTION('',(-0.707106781187,0.707106781187,0.));
#1800 = FACE_BOUND('',#1801,.T.);
#1801 = EDGE_LOOP('',(#1802,#1812,#1820,#1828));
#1802 = ORIENTED_EDGE('',*,*,#1803,.T.);
#1803 = EDGE_CURVE('',#1804,#1806,#1808,.T.);
#1804 = VERTEX_POINT('',#1805);
#1805 = CARTESIAN_POINT('',(-11.25,-8.,0.));
#1806 = VERTEX_POINT('',#1807);
#1807 = CARTESIAN_POINT('',(-11.25,8.,0.));
#1808 = LINE('',#1809,#1810);
#1809 = CARTESIAN_POINT('',(-11.25,-20.8,0.));
#1810 = VECTOR('',#1811,1.);
#1811 = DIRECTION('',(-0.,1.,0.));
#1812 = ORIENTED_EDGE('',*,*,#1813,.F.);
#1813 = EDGE_CURVE('',#1814,#1806,#1816,.T.);
#1814 = VERTEX_POINT('',#1815);
#1815 = CARTESIAN_POINT('',(-8.75,8.,0.));
#1816 = LINE('',#1817,#1818);
#1817 = CARTESIAN_POINT('',(-20.425,8.,0.));
#1818 = VECTOR('',#1819,1.);
#1819 = DIRECTION('',(-1.,-0.,0.));
#1820 = ORIENTED_EDGE('',*,*,#1821,.F.);
#1821 = EDGE_CURVE('',#1822,#1814,#1824,.T.);
#1822 = VERTEX_POINT('',#1823);
#1823 = CARTESIAN_POINT('',(-8.75,-8.,0.));
#1824 = LINE('',#1825,#1826);
#1825 = CARTESIAN_POINT('',(-8.75,-20.8,0.));
#1826 = VECTOR('',#1827,1.);
#1827 = DIRECTION('',(-0.,1.,0.));
#1828 = ORIENTED_EDGE('',*,*,#1829,.T.);
#1829 = EDGE_CURVE('',#1822,#1804,#1830,.T.);
#1830 = LINE('',#1831,#1832);
#1831 = CARTESIAN_POINT('',(-20.425,-8.,0.));
#1832 = VECTOR('',#1833,1.);
#1833 = DIRECTION('',(-1.,-0.,0.));
#1834 = FACE_BOUND('',#1835,.T.);
#1835 = EDGE_LOOP('',(#1836,#1846,#1854,#1862));
#1836 = ORIENTED_EDGE('',*,*,#1837,.F.);
#1837 = EDGE_CURVE('',#1838,#1840,#1842,.T.);
#1838 = VERTEX_POINT('',#1839);
#1839 = CARTESIAN_POINT('',(11.25,-8.,0.));
#1840 = VERTEX_POINT('',#1841);
#1841 = CARTESIAN_POINT('',(11.25,8.,0.));
#1842 = LINE('',#1843,#1844);
#1843 = CARTESIAN_POINT('',(11.25,-20.8,0.));
#1844 = VECTOR('',#1845,1.);
#1845 = DIRECTION('',(-0.,1.,0.));
#1846 = ORIENTED_EDGE('',*,*,#1847,.T.);
#1847 = EDGE_CURVE('',#1838,#1848,#1850,.T.);
#1848 = VERTEX_POINT('',#1849);
#1849 = CARTESIAN_POINT('',(8.75,-8.,0.));
#1850 = LINE('',#1851,#1852);
#1851 = CARTESIAN_POINT('',(-10.425,-8.,0.));
#1852 = VECTOR('',#1853,1.);
#1853 = DIRECTION('',(-1.,-0.,0.));
#1854 = ORIENTED_EDGE('',*,*,#1855,.T.);
#1855 = EDGE_CURVE('',#1848,#1856,#1858,.T.);
#1856 = VERTEX_POINT('',#1857);
#1857 = CARTESIAN_POINT('',(8.75,8.,0.));
#1858 = LINE('',#1859,#1860);
#1859 = CARTESIAN_POINT('',(8.75,-20.8,0.));
#1860 = VECTOR('',#1861,1.);
#1861 = DIRECTION('',(-0.,1.,0.));
#1862 = ORIENTED_EDGE('',*,*,#1863,.F.);
#1863 = EDGE_CURVE('',#1840,#1856,#1864,.T.);
#1864 = LINE('',#1865,#1866);
#1865 = CARTESIAN_POINT('',(-10.425,8.,0.));
#1866 = VECTOR('',#1867,1.);
#1867 = DIRECTION('',(-1.,-0.,0.));
#1868 = FACE_BOUND('',#1869,.T.);
#1869 = EDGE_LOOP('',(#1870,#1881,#1890,#1899,#1908));
#1870 = ORIENTED_EDGE('',*,*,#1871,.F.);
#1871 = EDGE_CURVE('',#1872,#1874,#1876,.T.);
#1872 = VERTEX_POINT('',#1873);
#1873 = CARTESIAN_POINT('',(-1.602686724947,-10.79507488037,0.));
#1874 = VERTEX_POINT('',#1875);
#1875 = CARTESIAN_POINT('',(-4.204925119628,-13.39731327505,0.));
#1876 = CIRCLE('',#1877,4.5);
#1877 = AXIS2_PLACEMENT_3D('',#1878,#1879,#1880);
#1878 = CARTESIAN_POINT('',(0.,-15.,0.));
#1879 = DIRECTION('',(0.,0.,1.));
#1880 = DIRECTION('',(1.,0.,-0.));
#1881 = ORIENTED_EDGE('',*,*,#1882,.F.);
#1882 = EDGE_CURVE('',#1883,#1872,#1885,.T.);
#1883 = VERTEX_POINT('',#1884);
#1884 = CARTESIAN_POINT('',(1.602686724947,-10.79507488037,0.));
#1885 = CIRCLE('',#1886,4.5);
#1886 = AXIS2_PLACEMENT_3D('',#1887,#1888,#1889);
#1887 = CARTESIAN_POINT('',(0.,-15.,0.));
#1888 = DIRECTION('',(0.,0.,1.));
#1889 = DIRECTION('',(1.,0.,-0.));
#1890 = ORIENTED_EDGE('',*,*,#1891,.F.);
#1891 = EDGE_CURVE('',#1892,#1883,#1894,.T.);
#1892 = VERTEX_POINT('',#1893);
#1893 = CARTESIAN_POINT('',(4.204925119628,-13.39731327505,0.));
#1894 = CIRCLE('',#1895,4.5);
#1895 = AXIS2_PLACEMENT_3D('',#1896,#1897,#1898);
#1896 = CARTESIAN_POINT('',(0.,-15.,0.));
#1897 = DIRECTION('',(0.,0.,1.));
#1898 = DIRECTION('',(1.,0.,-0.));
#1899 = ORIENTED_EDGE('',*,*,#1900,.F.);
#1900 = EDGE_CURVE('',#1901,#1892,#1903,.T.);
#1901 = VERTEX_POINT('',#1902);
#1902 = CARTESIAN_POINT('',(4.5,-15.,0.));
#1903 = CIRCLE('',#1904,4.5);
#1904 = AXIS2_PLACEMENT_3D('',#1905,#1906,#1907);
#1905 = CARTESIAN_POINT('',(0.,-15.,0.));
#1906 = DIRECTION('',(0.,0.,1.));
#1907 = DIRECTION('',(1.,0.,-0.));
#1908 = ORIENTED_EDGE('',*,*,#1909,.F.);
#1909 = EDGE_CURVE('',#1874,#1901,#1910,.T.);
#1910 = CIRCLE('',#1911,4.5);
#1911 = AXIS2_PLACEMENT_3D('',#1912,#1913,#1914);
#1912 = CARTESIAN_POINT('',(0.,-15.,0.));
#1913 = DIRECTION('',(0.,0.,1.));
#1914 = DIRECTION('',(1.,0.,-0.));
#1915 = FACE_BOUND('',#1916,.T.);
#1916 = EDGE_LOOP('',(#1917,#1928,#1937,#1946,#1955));
#1917 = ORIENTED_EDGE('',*,*,#1918,.F.);
#1918 = EDGE_CURVE('',#1919,#1921,#1923,.T.);
#1919 = VERTEX_POINT('',#1920);
#1920 = CARTESIAN_POINT('',(-4.204925119628,13.397313275053,0.));
#1921 = VERTEX_POINT('',#1922);
#1922 = CARTESIAN_POINT('',(-1.602686724947,10.795074880372,0.));
#1923 = CIRCLE('',#1924,4.5);
#1924 = AXIS2_PLACEMENT_3D('',#1925,#1926,#1927);
#1925 = CARTESIAN_POINT('',(0.,15.,0.));
#1926 = DIRECTION('',(0.,0.,1.));
#1927 = DIRECTION('',(1.,0.,-0.));
#1928 = ORIENTED_EDGE('',*,*,#1929,.F.);
#1929 = EDGE_CURVE('',#1930,#1919,#1932,.T.);
#1930 = VERTEX_POINT('',#1931);
#1931 = CARTESIAN_POINT('',(4.5,15.,0.));
#1932 = CIRCLE('',#1933,4.5);
#1933 = AXIS2_PLACEMENT_3D('',#1934,#1935,#1936);
#1934 = CARTESIAN_POINT('',(0.,15.,0.));
#1935 = DIRECTION('',(0.,0.,1.));
#1936 = DIRECTION('',(1.,0.,-0.));
#1937 = ORIENTED_EDGE('',*,*,#1938,.F.);
#1938 = EDGE_CURVE('',#1939,#1930,#1941,.T.);
#1939 = VERTEX_POINT('',#1940);
#1940 = CARTESIAN_POINT('',(4.204925119628,13.397313275053,0.));
#1941 = CIRCLE('',#1942,4.5);
#1942 = AXIS2_PLACEMENT_3D('',#1943,#1944,#1945);
#1943 = CARTESIAN_POINT('',(0.,15.,0.));
#1944 = DIRECTION('',(0.,0.,1.));
#1945 = DIRECTION('',(1.,0.,-0.));
#1946 = ORIENTED_EDGE('',*,*,#1947,.F.);
#1947 = EDGE_CURVE('',#1948,#1939,#1950,.T.);
#1948 = VERTEX_POINT('',#1949);
#1949 = CARTESIAN_POINT('',(1.602686724947,10.795074880372,0.));
#1950 = CIRCLE('',#1951,4.5);
#1951 = AXIS2_PLACEMENT_3D('',#1952,#1953,#1954);
#1952 = CARTESIAN_POINT('',(0.,15.,0.));
#1953 = DIRECTION('',(0.,0.,1.));
#1954 = DIRECTION('',(1.,0.,-0.));
#1955 = ORIENTED_EDGE('',*,*,#1956,.F.);
#1956 = EDGE_CURVE('',#1921,#1948,#1957,.T.);
#1957 = CIRCLE('',#1958,4.5);
#1958 = AXIS2_PLACEMENT_3D('',#1959,#1960,#1961);
#1959 = CARTESIAN_POINT('',(0.,15.,0.));
#1960 = DIRECTION('',(0.,0.,1.));
#1961 = DIRECTION('',(1.,0.,-0.));
#1962 = FACE_BOUND('',#1963,.T.);
#1963 = EDGE_LOOP('',(#1964));
#1964 = ORIENTED_EDGE('',*,*,#1965,.F.);
#1965 = EDGE_CURVE('',#1966,#1966,#1968,.T.);
#1966 = VERTEX_POINT('',#1967);
#1967 = CARTESIAN_POINT('',(-17.5,-7.347880794884E-16,0.));
#1968 = CIRCLE('',#1969,3.);
#1969 = AXIS2_PLACEMENT_3D('',#1970,#1971,#1972);
#1970 = CARTESIAN_POINT('',(-20.5,0.,0.));
#1971 = DIRECTION('',(0.,0.,1.));
#1972 = DIRECTION('',(1.,0.,-0.));
#1973 = FACE_BOUND('',#1974,.T.);
#1974 = EDGE_LOOP('',(#1975));
#1975 = ORIENTED_EDGE('',*,*,#1976,.F.);
#1976 = EDGE_CURVE('',#1977,#1977,#1979,.T.);
#1977 = VERTEX_POINT('',#1978);
#1978 = CARTESIAN_POINT('',(23.5,-7.347880794884E-16,0.));
#1979 = CIRCLE('',#1980,3.);
#1980 = AXIS2_PLACEMENT_3D('',#1981,#1982,#1983);
#1981 = CARTESIAN_POINT('',(20.5,0.,0.));
#1982 = DIRECTION('',(0.,0.,1.));
#1983 = DIRECTION('',(1.,0.,-0.));
#1984 = FACE_BOUND('',#1985,.T.);
#1985 = EDGE_LOOP('',(#1986));
#1986 = ORIENTED_EDGE('',*,*,#1987,.F.);
#1987 = EDGE_CURVE('',#1988,#1988,#1990,.T.);
#1988 = VERTEX_POINT('',#1989);
#1989 = CARTESIAN_POINT('',(-17.9,-19.5,0.));
#1990 = CIRCLE('',#1991,1.6);
#1991 = AXIS2_PLACEMENT_3D('',#1992,#1993,#1994);
#1992 = CARTESIAN_POINT('',(-19.5,-19.5,0.));
#1993 = DIRECTION('',(0.,0.,1.));
#1994 = DIRECTION('',(1.,0.,-0.));
#1995 = FACE_BOUND('',#1996,.T.);
#1996 = EDGE_LOOP('',(#1997));
#1997 = ORIENTED_EDGE('',*,*,#1998,.F.);
#1998 = EDGE_CURVE('',#1999,#1999,#2001,.T.);
#1999 = VERTEX_POINT('',#2000);
#2000 = CARTESIAN_POINT('',(-17.9,19.5,0.));
#2001 = CIRCLE('',#2002,1.6);
#2002 = AXIS2_PLACEMENT_3D('',#2003,#2004,#2005);
#2003 = CARTESIAN_POINT('',(-19.5,19.5,0.));
#2004 = DIRECTION('',(0.,0.,1.));
#2005 = DIRECTION('',(1.,0.,-0.));
#2006 = FACE_BOUND('',#2007,.T.);
#2007 = EDGE_LOOP('',(#2008));
#2008 = ORIENTED_EDGE('',*,*,#2009,.F.);
#2009 = EDGE_CURVE('',#2010,#2010,#2012,.T.);
#2010 = VERTEX_POINT('',#2011);
#2011 = CARTESIAN_POINT('',(21.1,19.5,0.));
#2012 = CIRCLE('',#2013,1.6);
#2013 = AXIS2_PLACEMENT_3D('',#2014,#2015,#2016);
#2014 = CARTESIAN_POINT('',(19.5,19.5,0.));
#2015 = DIRECTION('',(0.,0.,1.));
#2016 = DIRECTION('',(1.,0.,-0.));
#2017 = FACE_BOUND('',#2018,.T.);
#2018 = EDGE_LOOP('',(#2019));
#2019 = ORIENTED_EDGE('',*,*,#2020,.F.);
#2020 = EDGE_CURVE('',#2021,#2021,#2023,.T.);
#2021 = VERTEX_POINT('',#2022);
#2022 = CARTESIAN_POINT('',(21.1,-19.5,0.));
#2023 = CIRCLE('',#2024,1.6);
#2024 = AXIS2_PLACEMENT_3D('',#2025,#2026,#2027);
#2025 = CARTESIAN_POINT('',(19.5,-19.5,0.));
#2026 = DIRECTION('',(0.,0.,1.));
#2027 = DIRECTION('',(1.,0.,-0.));
#2028 = FACE_BOUND('',#2029,.T.);
#2029 = EDGE_LOOP('',(#2030));
#2030 = ORIENTED_EDGE('',*,*,#2031,.F.);
#2031 = EDGE_CURVE('',#2032,#2032,#2034,.T.);
#2032 = VERTEX_POINT('',#2033);
#2033 = CARTESIAN_POINT('',(-4.4,24.5,0.));
#2034 = CIRCLE('',#2035,1.6);
#2035 = AXIS2_PLACEMENT_3D('',#2036,#2037,#2038);
#2036 = CARTESIAN_POINT('',(-6.,24.5,0.));
#2037 = DIRECTION('',(0.,0.,1.));
#2038 = DIRECTION('',(1.,0.,-0.));
#2039 = FACE_BOUND('',#2040,.T.);
#2040 = EDGE_LOOP('',(#2041));
#2041 = ORIENTED_EDGE('',*,*,#2042,.F.);
#2042 = EDGE_CURVE('',#2043,#2043,#2045,.T.);
#2043 = VERTEX_POINT('',#2044);
#2044 = CARTESIAN_POINT('',(7.6,24.5,0.));
#2045 = CIRCLE('',#2046,1.6);
#2046 = AXIS2_PLACEMENT_3D('',#2047,#2048,#2049);
#2047 = CARTESIAN_POINT('',(6.,24.5,0.));
#2048 = DIRECTION('',(0.,0.,1.));
#2049 = DIRECTION('',(1.,0.,-0.));
#2050 = PLANE('',#2051);
#2051 = AXIS2_PLACEMENT_3D('',#2052,#2053,#2054);
#2052 = CARTESIAN_POINT('',(0.72527204489,-0.144370436713,0.));
#2053 = DIRECTION('',(0.,0.,1.));
#2054 = DIRECTION('',(1.,0.,-0.));
#2055 = ADVANCED_FACE('',(#2056),#2081,.F.);
#2056 = FACE_BOUND('',#2057,.F.);
#2057 = EDGE_LOOP('',(#2058,#2068,#2074,#2075));
#2058 = ORIENTED_EDGE('',*,*,#2059,.T.);
#2059 = EDGE_CURVE('',#2060,#2062,#2064,.T.);
#2060 = VERTEX_POINT('',#2061);
#2061 = CARTESIAN_POINT('',(-57.55527778486,-66.88908729652,-5.));
#2062 = VERTEX_POINT('',#2063);
#2063 = CARTESIAN_POINT('',(-59.18162338159,-65.26274169979,-5.));
#2064 = LINE('',#2065,#2066);
#2065 = CARTESIAN_POINT('',(-63.,-61.44436508139,-5.));
#2066 = VECTOR('',#2067,1.);
#2067 = DIRECTION('',(-0.707106781187,0.707106781187,0.));
#2068 = ORIENTED_EDGE('',*,*,#2069,.T.);
#2069 = EDGE_CURVE('',#2062,#786,#2070,.T.);
#2070 = LINE('',#2071,#2072);
#2071 = CARTESIAN_POINT('',(-59.18162338159,-65.26274169979,-6.));
#2072 = VECTOR('',#2073,1.);
#2073 = DIRECTION('',(0.,0.,1.));
#2074 = ORIENTED_EDGE('',*,*,#783,.F.);
#2075 = ORIENTED_EDGE('',*,*,#2076,.F.);
#2076 = EDGE_CURVE('',#2060,#784,#2077,.T.);
#2077 = LINE('',#2078,#2079);
#2078 = CARTESIAN_POINT('',(-57.55527778486,-66.88908729652,-6.));
#2079 = VECTOR('',#2080,1.);
#2080 = DIRECTION('',(0.,0.,1.));
#2081 = PLANE('',#2082);
#2082 = AXIS2_PLACEMENT_3D('',#2083,#2084,#2085);
#2083 = CARTESIAN_POINT('',(-59.18162338159,-65.26274169979,-6.));
#2084 = DIRECTION('',(0.707106781187,0.707106781187,0.));
#2085 = DIRECTION('',(0.,0.,1.));
#2086 = ADVANCED_FACE('',(#2087),#2106,.F.);
#2087 = FACE_BOUND('',#2088,.F.);
#2088 = EDGE_LOOP('',(#2089,#2090,#2091,#2100));
#2089 = ORIENTED_EDGE('',*,*,#1029,.F.);
#2090 = ORIENTED_EDGE('',*,*,#2069,.F.);
#2091 = ORIENTED_EDGE('',*,*,#2092,.T.);
#2092 = EDGE_CURVE('',#2062,#2093,#2095,.T.);
#2093 = VERTEX_POINT('',#2094);
#2094 = CARTESIAN_POINT('',(-60.09263861494,-64.94865332388,-5.));
#2095 = CIRCLE('',#2096,1.1);
#2096 = AXIS2_PLACEMENT_3D('',#2097,#2098,#2099);
#2097 = CARTESIAN_POINT('',(-59.95944084089,-66.0405591591,-5.));
#2098 = DIRECTION('',(0.,0.,1.));
#2099 = DIRECTION('',(0.707106781187,-0.707106781187,0.));
#2100 = ORIENTED_EDGE('',*,*,#2101,.T.);
#2101 = EDGE_CURVE('',#2093,#1021,#2102,.T.);
#2102 = LINE('',#2103,#2104);
#2103 = CARTESIAN_POINT('',(-60.09263861494,-64.94865332388,-6.));
#2104 = VECTOR('',#2105,1.);
#2105 = DIRECTION('',(0.,0.,1.));
#2106 = CYLINDRICAL_SURFACE('',#2107,1.1);
#2107 = AXIS2_PLACEMENT_3D('',#2108,#2109,#2110);
#2108 = CARTESIAN_POINT('',(-59.95944084089,-66.0405591591,-6.));
#2109 = DIRECTION('',(0.,0.,1.));
#2110 = DIRECTION('',(0.707106781187,-0.707106781187,0.));
#2111 = ADVANCED_FACE('',(#2112),#2137,.F.);
#2112 = FACE_BOUND('',#2113,.F.);
#2113 = EDGE_LOOP('',(#2114,#2124,#2130,#2131));
#2114 = ORIENTED_EDGE('',*,*,#2115,.T.);
#2115 = EDGE_CURVE('',#2116,#2118,#2120,.T.);
#2116 = VERTEX_POINT('',#2117);
#2117 = CARTESIAN_POINT('',(-66.88908729652,-68.44472221513,-5.));
#2118 = VERTEX_POINT('',#2119);
#2119 = CARTESIAN_POINT('',(-65.26274169979,-66.8183766184,-5.));
#2120 = LINE('',#2121,#2122);
#2121 = CARTESIAN_POINT('',(-63.74246212024,-65.29809703885,-5.));
#2122 = VECTOR('',#2123,1.);
#2123 = DIRECTION('',(0.707106781187,0.707106781187,-0.));
#2124 = ORIENTED_EDGE('',*,*,#2125,.T.);
#2125 = EDGE_CURVE('',#2118,#838,#2126,.T.);
#2126 = LINE('',#2127,#2128);
#2127 = CARTESIAN_POINT('',(-65.26274169979,-66.8183766184,-6.));
#2128 = VECTOR('',#2129,1.);
#2129 = DIRECTION('',(0.,0.,1.));
#2130 = ORIENTED_EDGE('',*,*,#846,.F.);
#2131 = ORIENTED_EDGE('',*,*,#2132,.F.);
#2132 = EDGE_CURVE('',#2116,#847,#2133,.T.);
#2133 = LINE('',#2134,#2135);
#2134 = CARTESIAN_POINT('',(-66.88908729652,-68.44472221513,-6.));
#2135 = VECTOR('',#2136,1.);
#2136 = DIRECTION('',(0.,0.,1.));
#2137 = PLANE('',#2138);
#2138 = AXIS2_PLACEMENT_3D('',#2139,#2140,#2141);
#2139 = CARTESIAN_POINT('',(-65.26274169979,-66.8183766184,-6.));
#2140 = DIRECTION('',(0.707106781187,-0.707106781187,0.));
#2141 = DIRECTION('',(0.,0.,1.));
#2142 = ADVANCED_FACE('',(#2143),#2162,.F.);
#2143 = FACE_BOUND('',#2144,.F.);
#2144 = EDGE_LOOP('',(#2145,#2146,#2147,#2156));
#2145 = ORIENTED_EDGE('',*,*,#837,.F.);
#2146 = ORIENTED_EDGE('',*,*,#2125,.F.);
#2147 = ORIENTED_EDGE('',*,*,#2148,.T.);
#2148 = EDGE_CURVE('',#2118,#2149,#2151,.T.);
#2149 = VERTEX_POINT('',#2150);
#2150 = CARTESIAN_POINT('',(-64.94865332388,-65.90736138505,-5.));
#2151 = CIRCLE('',#2152,1.1);
#2152 = AXIS2_PLACEMENT_3D('',#2153,#2154,#2155);
#2153 = CARTESIAN_POINT('',(-66.0405591591,-66.0405591591,-5.));
#2154 = DIRECTION('',(0.,0.,1.));
#2155 = DIRECTION('',(-0.707106781187,-0.707106781187,0.));
#2156 = ORIENTED_EDGE('',*,*,#2157,.T.);
#2157 = EDGE_CURVE('',#2149,#829,#2158,.T.);
#2158 = LINE('',#2159,#2160);
#2159 = CARTESIAN_POINT('',(-64.94865332388,-65.90736138505,-6.));
#2160 = VECTOR('',#2161,1.);
#2161 = DIRECTION('',(0.,0.,1.));
#2162 = CYLINDRICAL_SURFACE('',#2163,1.1);
#2163 = AXIS2_PLACEMENT_3D('',#2164,#2165,#2166);
#2164 = CARTESIAN_POINT('',(-66.0405591591,-66.0405591591,-6.));
#2165 = DIRECTION('',(0.,0.,1.));
#2166 = DIRECTION('',(-0.707106781187,-0.707106781187,0.));
#2167 = ADVANCED_FACE('',(#2168),#2187,.F.);
#2168 = FACE_BOUND('',#2169,.F.);
#2169 = EDGE_LOOP('',(#2170,#2179,#2185,#2186));
#2170 = ORIENTED_EDGE('',*,*,#2171,.T.);
#2171 = EDGE_CURVE('',#2149,#2172,#2174,.T.);
#2172 = VERTEX_POINT('',#2173);
#2173 = CARTESIAN_POINT('',(-61.05134667611,-65.90736138505,-5.));
#2174 = CIRCLE('',#2175,3.5);
#2175 = AXIS2_PLACEMENT_3D('',#2176,#2177,#2178);
#2176 = CARTESIAN_POINT('',(-63.,-63.,-5.));
#2177 = DIRECTION('',(0.,0.,1.));
#2178 = DIRECTION('',(1.,0.,-0.));
#2179 = ORIENTED_EDGE('',*,*,#2180,.T.);
#2180 = EDGE_CURVE('',#2172,#820,#2181,.T.);
#2181 = LINE('',#2182,#2183);
#2182 = CARTESIAN_POINT('',(-61.05134667611,-65.90736138505,-6.));
#2183 = VECTOR('',#2184,1.);
#2184 = DIRECTION('',(0.,0.,1.));
#2185 = ORIENTED_EDGE('',*,*,#828,.F.);
#2186 = ORIENTED_EDGE('',*,*,#2157,.F.);
#2187 = CYLINDRICAL_SURFACE('',#2188,3.5);
#2188 = AXIS2_PLACEMENT_3D('',#2189,#2190,#2191);
#2189 = CARTESIAN_POINT('',(-63.,-63.,-6.));
#2190 = DIRECTION('',(0.,0.,1.));
#2191 = DIRECTION('',(1.,0.,-0.));
#2192 = ADVANCED_FACE('',(#2193),#2212,.F.);
#2193 = FACE_BOUND('',#2194,.F.);
#2194 = EDGE_LOOP('',(#2195,#2196,#2197,#2206));
#2195 = ORIENTED_EDGE('',*,*,#819,.F.);
#2196 = ORIENTED_EDGE('',*,*,#2180,.F.);
#2197 = ORIENTED_EDGE('',*,*,#2198,.T.);
#2198 = EDGE_CURVE('',#2172,#2199,#2201,.T.);
#2199 = VERTEX_POINT('',#2200);
#2200 = CARTESIAN_POINT('',(-60.7372583002,-66.8183766184,-5.));
#2201 = CIRCLE('',#2202,1.1);
#2202 = AXIS2_PLACEMENT_3D('',#2203,#2204,#2205);
#2203 = CARTESIAN_POINT('',(-59.95944084089,-66.0405591591,-5.));
#2204 = DIRECTION('',(0.,0.,1.));
#2205 = DIRECTION('',(0.707106781187,-0.707106781187,0.));
#2206 = ORIENTED_EDGE('',*,*,#2207,.T.);
#2207 = EDGE_CURVE('',#2199,#812,#2208,.T.);
#2208 = LINE('',#2209,#2210);
#2209 = CARTESIAN_POINT('',(-60.7372583002,-66.8183766184,-6.));
#2210 = VECTOR('',#2211,1.);
#2211 = DIRECTION('',(0.,0.,1.));
#2212 = CYLINDRICAL_SURFACE('',#2213,1.1);
#2213 = AXIS2_PLACEMENT_3D('',#2214,#2215,#2216);
#2214 = CARTESIAN_POINT('',(-59.95944084089,-66.0405591591,-6.));
#2215 = DIRECTION('',(0.,0.,1.));
#2216 = DIRECTION('',(0.707106781187,-0.707106781187,0.));
#2217 = ADVANCED_FACE('',(#2218),#2236,.T.);
#2218 = FACE_BOUND('',#2219,.T.);
#2219 = EDGE_LOOP('',(#2220,#2228,#2229,#2230));
#2220 = ORIENTED_EDGE('',*,*,#2221,.T.);
#2221 = EDGE_CURVE('',#2222,#2199,#2224,.T.);
#2222 = VERTEX_POINT('',#2223);
#2223 = CARTESIAN_POINT('',(-59.11091270347,-68.44472221513,-5.));
#2224 = LINE('',#2225,#2226);
#2225 = CARTESIAN_POINT('',(-62.25753787975,-65.29809703885,-5.));
#2226 = VECTOR('',#2227,1.);
#2227 = DIRECTION('',(-0.707106781187,0.707106781187,0.));
#2228 = ORIENTED_EDGE('',*,*,#2207,.T.);
#2229 = ORIENTED_EDGE('',*,*,#811,.F.);
#2230 = ORIENTED_EDGE('',*,*,#2231,.F.);
#2231 = EDGE_CURVE('',#2222,#803,#2232,.T.);
#2232 = LINE('',#2233,#2234);
#2233 = CARTESIAN_POINT('',(-59.11091270347,-68.44472221513,-6.));
#2234 = VECTOR('',#2235,1.);
#2235 = DIRECTION('',(0.,0.,1.));
#2236 = PLANE('',#2237);
#2237 = AXIS2_PLACEMENT_3D('',#2238,#2239,#2240);
#2238 = CARTESIAN_POINT('',(-60.7372583002,-66.8183766184,-6.));
#2239 = DIRECTION('',(0.707106781187,0.707106781187,0.));
#2240 = DIRECTION('',(0.,0.,1.));
#2241 = ADVANCED_FACE('',(#2242),#2267,.F.);
#2242 = FACE_BOUND('',#2243,.F.);
#2243 = EDGE_LOOP('',(#2244,#2254,#2260,#2261));
#2244 = ORIENTED_EDGE('',*,*,#2245,.T.);
#2245 = EDGE_CURVE('',#2246,#2248,#2250,.T.);
#2246 = VERTEX_POINT('',#2247);
#2247 = CARTESIAN_POINT('',(-68.44472221513,-59.11091270347,-5.));
#2248 = VERTEX_POINT('',#2249);
#2249 = CARTESIAN_POINT('',(-66.8183766184,-60.7372583002,-5.));
#2250 = LINE('',#2251,#2252);
#2251 = CARTESIAN_POINT('',(-65.29809703885,-62.25753787975,-5.));
#2252 = VECTOR('',#2253,1.);
#2253 = DIRECTION('',(0.707106781187,-0.707106781187,0.));
#2254 = ORIENTED_EDGE('',*,*,#2255,.T.);
#2255 = EDGE_CURVE('',#2248,#899,#2256,.T.);
#2256 = LINE('',#2257,#2258);
#2257 = CARTESIAN_POINT('',(-66.8183766184,-60.7372583002,-6.));
#2258 = VECTOR('',#2259,1.);
#2259 = DIRECTION('',(0.,0.,1.));
#2260 = ORIENTED_EDGE('',*,*,#907,.F.);
#2261 = ORIENTED_EDGE('',*,*,#2262,.F.);
#2262 = EDGE_CURVE('',#2246,#908,#2263,.T.);
#2263 = LINE('',#2264,#2265);
#2264 = CARTESIAN_POINT('',(-68.44472221513,-59.11091270347,-6.));
#2265 = VECTOR('',#2266,1.);
#2266 = DIRECTION('',(0.,0.,1.));
#2267 = PLANE('',#2268);
#2268 = AXIS2_PLACEMENT_3D('',#2269,#2270,#2271);
#2269 = CARTESIAN_POINT('',(-66.8183766184,-60.7372583002,-6.));
#2270 = DIRECTION('',(-0.707106781187,-0.707106781187,0.));
#2271 = DIRECTION('',(0.,0.,1.));
#2272 = ADVANCED_FACE('',(#2273),#2292,.F.);
#2273 = FACE_BOUND('',#2274,.F.);
#2274 = EDGE_LOOP('',(#2275,#2276,#2277,#2286));
#2275 = ORIENTED_EDGE('',*,*,#898,.F.);
#2276 = ORIENTED_EDGE('',*,*,#2255,.F.);
#2277 = ORIENTED_EDGE('',*,*,#2278,.T.);
#2278 = EDGE_CURVE('',#2248,#2279,#2281,.T.);
#2279 = VERTEX_POINT('',#2280);
#2280 = CARTESIAN_POINT('',(-65.90736138505,-61.05134667611,-5.));
#2281 = CIRCLE('',#2282,1.1);
#2282 = AXIS2_PLACEMENT_3D('',#2283,#2284,#2285);
#2283 = CARTESIAN_POINT('',(-66.0405591591,-59.95944084089,-5.));
#2284 = DIRECTION('',(0.,0.,1.));
#2285 = DIRECTION('',(-0.707106781187,0.707106781187,0.));
#2286 = ORIENTED_EDGE('',*,*,#2287,.T.);
#2287 = EDGE_CURVE('',#2279,#890,#2288,.T.);
#2288 = LINE('',#2289,#2290);
#2289 = CARTESIAN_POINT('',(-65.90736138505,-61.05134667611,-6.));
#2290 = VECTOR('',#2291,1.);
#2291 = DIRECTION('',(0.,0.,1.));
#2292 = CYLINDRICAL_SURFACE('',#2293,1.1);
#2293 = AXIS2_PLACEMENT_3D('',#2294,#2295,#2296);
#2294 = CARTESIAN_POINT('',(-66.0405591591,-59.95944084089,-6.));
#2295 = DIRECTION('',(0.,0.,1.));
#2296 = DIRECTION('',(-0.707106781187,0.707106781187,0.));
#2297 = ADVANCED_FACE('',(#2298),#2317,.F.);
#2298 = FACE_BOUND('',#2299,.F.);
#2299 = EDGE_LOOP('',(#2300,#2309,#2315,#2316));
#2300 = ORIENTED_EDGE('',*,*,#2301,.T.);
#2301 = EDGE_CURVE('',#2279,#2302,#2304,.T.);
#2302 = VERTEX_POINT('',#2303);
#2303 = CARTESIAN_POINT('',(-65.90736138505,-64.94865332388,-5.));
#2304 = CIRCLE('',#2305,3.5);
#2305 = AXIS2_PLACEMENT_3D('',#2306,#2307,#2308);
#2306 = CARTESIAN_POINT('',(-63.,-63.,-5.));
#2307 = DIRECTION('',(0.,0.,1.));
#2308 = DIRECTION('',(1.,0.,-0.));
#2309 = ORIENTED_EDGE('',*,*,#2310,.T.);
#2310 = EDGE_CURVE('',#2302,#881,#2311,.T.);
#2311 = LINE('',#2312,#2313);
#2312 = CARTESIAN_POINT('',(-65.90736138505,-64.94865332388,-6.));
#2313 = VECTOR('',#2314,1.);
#2314 = DIRECTION('',(0.,0.,1.));
#2315 = ORIENTED_EDGE('',*,*,#889,.F.);
#2316 = ORIENTED_EDGE('',*,*,#2287,.F.);
#2317 = CYLINDRICAL_SURFACE('',#2318,3.5);
#2318 = AXIS2_PLACEMENT_3D('',#2319,#2320,#2321);
#2319 = CARTESIAN_POINT('',(-63.,-63.,-6.));
#2320 = DIRECTION('',(0.,0.,1.));
#2321 = DIRECTION('',(1.,0.,-0.));
#2322 = ADVANCED_FACE('',(#2323),#2342,.F.);
#2323 = FACE_BOUND('',#2324,.F.);
#2324 = EDGE_LOOP('',(#2325,#2326,#2327,#2336));
#2325 = ORIENTED_EDGE('',*,*,#880,.F.);
#2326 = ORIENTED_EDGE('',*,*,#2310,.F.);
#2327 = ORIENTED_EDGE('',*,*,#2328,.T.);
#2328 = EDGE_CURVE('',#2302,#2329,#2331,.T.);
#2329 = VERTEX_POINT('',#2330);
#2330 = CARTESIAN_POINT('',(-66.8183766184,-65.26274169979,-5.));
#2331 = CIRCLE('',#2332,1.1);
#2332 = AXIS2_PLACEMENT_3D('',#2333,#2334,#2335);
#2333 = CARTESIAN_POINT('',(-66.0405591591,-66.0405591591,-5.));
#2334 = DIRECTION('',(0.,0.,1.));
#2335 = DIRECTION('',(-0.707106781187,-0.707106781187,0.));
#2336 = ORIENTED_EDGE('',*,*,#2337,.T.);
#2337 = EDGE_CURVE('',#2329,#873,#2338,.T.);
#2338 = LINE('',#2339,#2340);
#2339 = CARTESIAN_POINT('',(-66.8183766184,-65.26274169979,-6.));
#2340 = VECTOR('',#2341,1.);
#2341 = DIRECTION('',(0.,0.,1.));
#2342 = CYLINDRICAL_SURFACE('',#2343,1.1);
#2343 = AXIS2_PLACEMENT_3D('',#2344,#2345,#2346);
#2344 = CARTESIAN_POINT('',(-66.0405591591,-66.0405591591,-6.));
#2345 = DIRECTION('',(0.,0.,1.));
#2346 = DIRECTION('',(-0.707106781187,-0.707106781187,0.));
#2347 = ADVANCED_FACE('',(#2348),#2366,.T.);
#2348 = FACE_BOUND('',#2349,.T.);
#2349 = EDGE_LOOP('',(#2350,#2358,#2359,#2360));
#2350 = ORIENTED_EDGE('',*,*,#2351,.T.);
#2351 = EDGE_CURVE('',#2352,#2329,#2354,.T.);
#2352 = VERTEX_POINT('',#2353);
#2353 = CARTESIAN_POINT('',(-68.44472221513,-66.88908729652,-5.));
#2354 = LINE('',#2355,#2356);
#2355 = CARTESIAN_POINT('',(-65.29809703885,-63.74246212024,-5.));
#2356 = VECTOR('',#2357,1.);
#2357 = DIRECTION('',(0.707106781187,0.707106781187,-0.));
#2358 = ORIENTED_EDGE('',*,*,#2337,.T.);
#2359 = ORIENTED_EDGE('',*,*,#872,.F.);
#2360 = ORIENTED_EDGE('',*,*,#2361,.F.);
#2361 = EDGE_CURVE('',#2352,#864,#2362,.T.);
#2362 = LINE('',#2363,#2364);
#2363 = CARTESIAN_POINT('',(-68.44472221513,-66.88908729652,-6.));
#2364 = VECTOR('',#2365,1.);
#2365 = DIRECTION('',(0.,0.,1.));
#2366 = PLANE('',#2367);
#2367 = AXIS2_PLACEMENT_3D('',#2368,#2369,#2370);
#2368 = CARTESIAN_POINT('',(-66.8183766184,-65.26274169979,-6.));
#2369 = DIRECTION('',(0.707106781187,-0.707106781187,0.));
#2370 = DIRECTION('',(0.,0.,1.));
#2371 = ADVANCED_FACE('',(#2372),#2397,.F.);
#2372 = FACE_BOUND('',#2373,.F.);
#2373 = EDGE_LOOP('',(#2374,#2384,#2390,#2391));
#2374 = ORIENTED_EDGE('',*,*,#2375,.T.);
#2375 = EDGE_CURVE('',#2376,#2378,#2380,.T.);
#2376 = VERTEX_POINT('',#2377);
#2377 = CARTESIAN_POINT('',(-59.11091270347,-57.55527778486,-5.));
#2378 = VERTEX_POINT('',#2379);
#2379 = CARTESIAN_POINT('',(-60.7372583002,-59.18162338159,-5.));
#2380 = LINE('',#2381,#2382);
#2381 = CARTESIAN_POINT('',(-30.75753787975,-29.20190296114,-5.));
#2382 = VECTOR('',#2383,1.);
#2383 = DIRECTION('',(-0.707106781187,-0.707106781187,0.));
#2384 = ORIENTED_EDGE('',*,*,#2385,.T.);
#2385 = EDGE_CURVE('',#2378,#960,#2386,.T.);
#2386 = LINE('',#2387,#2388);
#2387 = CARTESIAN_POINT('',(-60.7372583002,-59.18162338159,-6.));
#2388 = VECTOR('',#2389,1.);
#2389 = DIRECTION('',(0.,0.,1.));
#2390 = ORIENTED_EDGE('',*,*,#968,.F.);
#2391 = ORIENTED_EDGE('',*,*,#2392,.F.);
#2392 = EDGE_CURVE('',#2376,#969,#2393,.T.);
#2393 = LINE('',#2394,#2395);
#2394 = CARTESIAN_POINT('',(-59.11091270347,-57.55527778486,-6.));
#2395 = VECTOR('',#2396,1.);
#2396 = DIRECTION('',(0.,0.,1.));
#2397 = PLANE('',#2398);
#2398 = AXIS2_PLACEMENT_3D('',#2399,#2400,#2401);
#2399 = CARTESIAN_POINT('',(-60.7372583002,-59.18162338159,-6.));
#2400 = DIRECTION('',(-0.707106781187,0.707106781187,0.));
#2401 = DIRECTION('',(0.,0.,1.));
#2402 = ADVANCED_FACE('',(#2403),#2422,.F.);
#2403 = FACE_BOUND('',#2404,.F.);
#2404 = EDGE_LOOP('',(#2405,#2406,#2407,#2416));
#2405 = ORIENTED_EDGE('',*,*,#959,.F.);
#2406 = ORIENTED_EDGE('',*,*,#2385,.F.);
#2407 = ORIENTED_EDGE('',*,*,#2408,.T.);
#2408 = EDGE_CURVE('',#2378,#2409,#2411,.T.);
#2409 = VERTEX_POINT('',#2410);
#2410 = CARTESIAN_POINT('',(-61.05134667611,-60.09263861494,-5.));
#2411 = CIRCLE('',#2412,1.1);
#2412 = AXIS2_PLACEMENT_3D('',#2413,#2414,#2415);
#2413 = CARTESIAN_POINT('',(-59.95944084089,-59.95944084089,-5.));
#2414 = DIRECTION('',(0.,0.,1.));
#2415 = DIRECTION('',(0.707106781187,0.707106781187,-0.));
#2416 = ORIENTED_EDGE('',*,*,#2417,.T.);
#2417 = EDGE_CURVE('',#2409,#951,#2418,.T.);
#2418 = LINE('',#2419,#2420);
#2419 = CARTESIAN_POINT('',(-61.05134667611,-60.09263861494,-6.));
#2420 = VECTOR('',#2421,1.);
#2421 = DIRECTION('',(0.,0.,1.));
#2422 = CYLINDRICAL_SURFACE('',#2423,1.1);
#2423 = AXIS2_PLACEMENT_3D('',#2424,#2425,#2426);
#2424 = CARTESIAN_POINT('',(-59.95944084089,-59.95944084089,-6.));
#2425 = DIRECTION('',(0.,0.,1.));
#2426 = DIRECTION('',(0.707106781187,0.707106781187,0.));
#2427 = ADVANCED_FACE('',(#2428),#2447,.F.);
#2428 = FACE_BOUND('',#2429,.F.);
#2429 = EDGE_LOOP('',(#2430,#2439,#2445,#2446));
#2430 = ORIENTED_EDGE('',*,*,#2431,.T.);
#2431 = EDGE_CURVE('',#2409,#2432,#2434,.T.);
#2432 = VERTEX_POINT('',#2433);
#2433 = CARTESIAN_POINT('',(-64.94865332388,-60.09263861494,-5.));
#2434 = CIRCLE('',#2435,3.5);
#2435 = AXIS2_PLACEMENT_3D('',#2436,#2437,#2438);
#2436 = CARTESIAN_POINT('',(-63.,-63.,-5.));
#2437 = DIRECTION('',(0.,0.,1.));
#2438 = DIRECTION('',(1.,0.,-0.));
#2439 = ORIENTED_EDGE('',*,*,#2440,.T.);
#2440 = EDGE_CURVE('',#2432,#942,#2441,.T.);
#2441 = LINE('',#2442,#2443);
#2442 = CARTESIAN_POINT('',(-64.94865332388,-60.09263861494,-6.));
#2443 = VECTOR('',#2444,1.);
#2444 = DIRECTION('',(0.,0.,1.));
#2445 = ORIENTED_EDGE('',*,*,#950,.F.);
#2446 = ORIENTED_EDGE('',*,*,#2417,.F.);
#2447 = CYLINDRICAL_SURFACE('',#2448,3.5);
#2448 = AXIS2_PLACEMENT_3D('',#2449,#2450,#2451);
#2449 = CARTESIAN_POINT('',(-63.,-63.,-6.));
#2450 = DIRECTION('',(0.,0.,1.));
#2451 = DIRECTION('',(1.,0.,-0.));
#2452 = ADVANCED_FACE('',(#2453),#2472,.F.);
#2453 = FACE_BOUND('',#2454,.F.);
#2454 = EDGE_LOOP('',(#2455,#2456,#2457,#2466));
#2455 = ORIENTED_EDGE('',*,*,#941,.F.);
#2456 = ORIENTED_EDGE('',*,*,#2440,.F.);
#2457 = ORIENTED_EDGE('',*,*,#2458,.T.);
#2458 = EDGE_CURVE('',#2432,#2459,#2461,.T.);
#2459 = VERTEX_POINT('',#2460);
#2460 = CARTESIAN_POINT('',(-65.26274169979,-59.18162338159,-5.));
#2461 = CIRCLE('',#2462,1.1);
#2462 = AXIS2_PLACEMENT_3D('',#2463,#2464,#2465);
#2463 = CARTESIAN_POINT('',(-66.0405591591,-59.95944084089,-5.));
#2464 = DIRECTION('',(0.,0.,1.));
#2465 = DIRECTION('',(-0.707106781187,0.707106781187,0.));
#2466 = ORIENTED_EDGE('',*,*,#2467,.T.);
#2467 = EDGE_CURVE('',#2459,#934,#2468,.T.);
#2468 = LINE('',#2469,#2470);
#2469 = CARTESIAN_POINT('',(-65.26274169979,-59.18162338159,-6.));
#2470 = VECTOR('',#2471,1.);
#2471 = DIRECTION('',(0.,0.,1.));
#2472 = CYLINDRICAL_SURFACE('',#2473,1.1);
#2473 = AXIS2_PLACEMENT_3D('',#2474,#2475,#2476);
#2474 = CARTESIAN_POINT('',(-66.0405591591,-59.95944084089,-6.));
#2475 = DIRECTION('',(0.,0.,1.));
#2476 = DIRECTION('',(-0.707106781187,0.707106781187,0.));
#2477 = ADVANCED_FACE('',(#2478),#2496,.T.);
#2478 = FACE_BOUND('',#2479,.T.);
#2479 = EDGE_LOOP('',(#2480,#2488,#2489,#2490));
#2480 = ORIENTED_EDGE('',*,*,#2481,.T.);
#2481 = EDGE_CURVE('',#2482,#2459,#2484,.T.);
#2482 = VERTEX_POINT('',#2483);
#2483 = CARTESIAN_POINT('',(-66.88908729652,-57.55527778486,-5.));
#2484 = LINE('',#2485,#2486);
#2485 = CARTESIAN_POINT('',(-63.74246212024,-60.70190296114,-5.));
#2486 = VECTOR('',#2487,1.);
#2487 = DIRECTION('',(0.707106781187,-0.707106781187,0.));
#2488 = ORIENTED_EDGE('',*,*,#2467,.T.);
#2489 = ORIENTED_EDGE('',*,*,#933,.F.);
#2490 = ORIENTED_EDGE('',*,*,#2491,.F.);
#2491 = EDGE_CURVE('',#2482,#925,#2492,.T.);
#2492 = LINE('',#2493,#2494);
#2493 = CARTESIAN_POINT('',(-66.88908729652,-57.55527778486,-6.));
#2494 = VECTOR('',#2495,1.);
#2495 = DIRECTION('',(0.,0.,1.));
#2496 = PLANE('',#2497);
#2497 = AXIS2_PLACEMENT_3D('',#2498,#2499,#2500);
#2498 = CARTESIAN_POINT('',(-65.26274169979,-59.18162338159,-6.));
#2499 = DIRECTION('',(-0.707106781187,-0.707106781187,0.));
#2500 = DIRECTION('',(0.,0.,1.));
#2501 = ADVANCED_FACE('',(#2502),#2528,.F.);
#2502 = FACE_BOUND('',#2503,.F.);
#2503 = EDGE_LOOP('',(#2504,#2505,#2513,#2522));
#2504 = ORIENTED_EDGE('',*,*,#1002,.F.);
#2505 = ORIENTED_EDGE('',*,*,#2506,.F.);
#2506 = EDGE_CURVE('',#2507,#1003,#2509,.T.);
#2507 = VERTEX_POINT('',#2508);
#2508 = CARTESIAN_POINT('',(-60.09263861494,-61.05134667611,-5.));
#2509 = LINE('',#2510,#2511);
#2510 = CARTESIAN_POINT('',(-60.09263861494,-61.05134667611,-6.));
#2511 = VECTOR('',#2512,1.);
#2512 = DIRECTION('',(0.,0.,1.));
#2513 = ORIENTED_EDGE('',*,*,#2514,.T.);
#2514 = EDGE_CURVE('',#2507,#2515,#2517,.T.);
#2515 = VERTEX_POINT('',#2516);
#2516 = CARTESIAN_POINT('',(-59.18162338159,-60.7372583002,-5.));
#2517 = CIRCLE('',#2518,1.1);
#2518 = AXIS2_PLACEMENT_3D('',#2519,#2520,#2521);
#2519 = CARTESIAN_POINT('',(-59.95944084089,-59.95944084089,-5.));
#2520 = DIRECTION('',(0.,0.,1.));
#2521 = DIRECTION('',(0.707106781187,0.707106781187,-0.));
#2522 = ORIENTED_EDGE('',*,*,#2523,.T.);
#2523 = EDGE_CURVE('',#2515,#995,#2524,.T.);
#2524 = LINE('',#2525,#2526);
#2525 = CARTESIAN_POINT('',(-59.18162338159,-60.7372583002,-6.));
#2526 = VECTOR('',#2527,1.);
#2527 = DIRECTION('',(0.,0.,1.));
#2528 = CYLINDRICAL_SURFACE('',#2529,1.1);
#2529 = AXIS2_PLACEMENT_3D('',#2530,#2531,#2532);
#2530 = CARTESIAN_POINT('',(-59.95944084089,-59.95944084089,-6.));
#2531 = DIRECTION('',(0.,0.,1.));
#2532 = DIRECTION('',(0.707106781187,0.707106781187,0.));
#2533 = ADVANCED_FACE('',(#2534),#2552,.T.);
#2534 = FACE_BOUND('',#2535,.T.);
#2535 = EDGE_LOOP('',(#2536,#2544,#2545,#2546));
#2536 = ORIENTED_EDGE('',*,*,#2537,.T.);
#2537 = EDGE_CURVE('',#2538,#2515,#2540,.T.);
#2538 = VERTEX_POINT('',#2539);
#2539 = CARTESIAN_POINT('',(-57.55527778486,-59.11091270347,-5.));
#2540 = LINE('',#2541,#2542);
#2541 = CARTESIAN_POINT('',(-29.20190296114,-30.75753787975,-5.));
#2542 = VECTOR('',#2543,1.);
#2543 = DIRECTION('',(-0.707106781187,-0.707106781187,0.));
#2544 = ORIENTED_EDGE('',*,*,#2523,.T.);
#2545 = ORIENTED_EDGE('',*,*,#994,.F.);
#2546 = ORIENTED_EDGE('',*,*,#2547,.F.);
#2547 = EDGE_CURVE('',#2538,#986,#2548,.T.);
#2548 = LINE('',#2549,#2550);
#2549 = CARTESIAN_POINT('',(-57.55527778486,-59.11091270347,-6.));
#2550 = VECTOR('',#2551,1.);
#2551 = DIRECTION('',(0.,0.,1.));
#2552 = PLANE('',#2553);
#2553 = AXIS2_PLACEMENT_3D('',#2554,#2555,#2556);
#2554 = CARTESIAN_POINT('',(-59.18162338159,-60.7372583002,-6.));
#2555 = DIRECTION('',(-0.707106781187,0.707106781187,0.));
#2556 = DIRECTION('',(0.,0.,1.));
#2557 = ADVANCED_FACE('',(#2558),#2583,.F.);
#2558 = FACE_BOUND('',#2559,.F.);
#2559 = EDGE_LOOP('',(#2560,#2570,#2576,#2577));
#2560 = ORIENTED_EDGE('',*,*,#2561,.T.);
#2561 = EDGE_CURVE('',#2562,#2564,#2566,.T.);
#2562 = VERTEX_POINT('',#2563);
#2563 = CARTESIAN_POINT('',(-66.88908729652,57.555277784864,-5.));
#2564 = VERTEX_POINT('',#2565);
#2565 = CARTESIAN_POINT('',(-65.26274169979,59.181623381593,-5.));
#2566 = LINE('',#2567,#2568);
#2567 = CARTESIAN_POINT('',(-61.44436508139,63.,-5.));
#2568 = VECTOR('',#2569,1.);
#2569 = DIRECTION('',(0.707106781187,0.707106781187,-0.));
#2570 = ORIENTED_EDGE('',*,*,#2571,.T.);
#2571 = EDGE_CURVE('',#2564,#1041,#2572,.T.);
#2572 = LINE('',#2573,#2574);
#2573 = CARTESIAN_POINT('',(-65.26274169979,59.181623381593,-6.));
#2574 = VECTOR('',#2575,1.);
#2575 = DIRECTION('',(0.,0.,1.));
#2576 = ORIENTED_EDGE('',*,*,#1038,.F.);
#2577 = ORIENTED_EDGE('',*,*,#2578,.F.);
#2578 = EDGE_CURVE('',#2562,#1039,#2579,.T.);
#2579 = LINE('',#2580,#2581);
#2580 = CARTESIAN_POINT('',(-66.88908729652,57.555277784864,-6.));
#2581 = VECTOR('',#2582,1.);
#2582 = DIRECTION('',(0.,0.,1.));
#2583 = PLANE('',#2584);
#2584 = AXIS2_PLACEMENT_3D('',#2585,#2586,#2587);
#2585 = CARTESIAN_POINT('',(-65.26274169979,59.181623381593,-6.));
#2586 = DIRECTION('',(0.707106781187,-0.707106781187,0.));
#2587 = DIRECTION('',(0.,0.,1.));
#2588 = ADVANCED_FACE('',(#2589),#2608,.F.);
#2589 = FACE_BOUND('',#2590,.F.);
#2590 = EDGE_LOOP('',(#2591,#2592,#2593,#2602));
#2591 = ORIENTED_EDGE('',*,*,#1284,.F.);
#2592 = ORIENTED_EDGE('',*,*,#2571,.F.);
#2593 = ORIENTED_EDGE('',*,*,#2594,.T.);
#2594 = EDGE_CURVE('',#2564,#2595,#2597,.T.);
#2595 = VERTEX_POINT('',#2596);
#2596 = CARTESIAN_POINT('',(-64.94865332388,60.092638614942,-5.));
#2597 = CIRCLE('',#2598,1.1);
#2598 = AXIS2_PLACEMENT_3D('',#2599,#2600,#2601);
#2599 = CARTESIAN_POINT('',(-66.0405591591,59.959440840898,-5.));
#2600 = DIRECTION('',(0.,0.,1.));
#2601 = DIRECTION('',(-0.707106781187,-0.707106781187,0.));
#2602 = ORIENTED_EDGE('',*,*,#2603,.T.);
#2603 = EDGE_CURVE('',#2595,#1276,#2604,.T.);
#2604 = LINE('',#2605,#2606);
#2605 = CARTESIAN_POINT('',(-64.94865332388,60.092638614942,-6.));
#2606 = VECTOR('',#2607,1.);
#2607 = DIRECTION('',(0.,0.,1.));
#2608 = CYLINDRICAL_SURFACE('',#2609,1.1);
#2609 = AXIS2_PLACEMENT_3D('',#2610,#2611,#2612);
#2610 = CARTESIAN_POINT('',(-66.0405591591,59.959440840898,-6.));
#2611 = DIRECTION('',(0.,0.,1.));
#2612 = DIRECTION('',(-0.707106781187,-0.707106781187,0.));
#2613 = ADVANCED_FACE('',(#2614),#2633,.F.);
#2614 = FACE_BOUND('',#2615,.F.);
#2615 = EDGE_LOOP('',(#2616,#2625,#2631,#2632));
#2616 = ORIENTED_EDGE('',*,*,#2617,.T.);
#2617 = EDGE_CURVE('',#2595,#2618,#2620,.T.);
#2618 = VERTEX_POINT('',#2619);
#2619 = CARTESIAN_POINT('',(-61.05134667611,60.092638614942,-5.));
#2620 = CIRCLE('',#2621,3.5);
#2621 = AXIS2_PLACEMENT_3D('',#2622,#2623,#2624);
#2622 = CARTESIAN_POINT('',(-63.,63.,-5.));
#2623 = DIRECTION('',(0.,0.,1.));
#2624 = DIRECTION('',(1.,0.,-0.));
#2625 = ORIENTED_EDGE('',*,*,#2626,.T.);
#2626 = EDGE_CURVE('',#2618,#1267,#2627,.T.);
#2627 = LINE('',#2628,#2629);
#2628 = CARTESIAN_POINT('',(-61.05134667611,60.092638614942,-6.));
#2629 = VECTOR('',#2630,1.);
#2630 = DIRECTION('',(0.,0.,1.));
#2631 = ORIENTED_EDGE('',*,*,#1275,.F.);
#2632 = ORIENTED_EDGE('',*,*,#2603,.F.);
#2633 = CYLINDRICAL_SURFACE('',#2634,3.5);
#2634 = AXIS2_PLACEMENT_3D('',#2635,#2636,#2637);
#2635 = CARTESIAN_POINT('',(-63.,63.,-6.));
#2636 = DIRECTION('',(0.,0.,1.));
#2637 = DIRECTION('',(1.,0.,-0.));
#2638 = ADVANCED_FACE('',(#2639),#2658,.F.);
#2639 = FACE_BOUND('',#2640,.F.);
#2640 = EDGE_LOOP('',(#2641,#2642,#2643,#2652));
#2641 = ORIENTED_EDGE('',*,*,#1266,.F.);
#2642 = ORIENTED_EDGE('',*,*,#2626,.F.);
#2643 = ORIENTED_EDGE('',*,*,#2644,.T.);
#2644 = EDGE_CURVE('',#2618,#2645,#2647,.T.);
#2645 = VERTEX_POINT('',#2646);
#2646 = CARTESIAN_POINT('',(-60.7372583002,59.181623381593,-5.));
#2647 = CIRCLE('',#2648,1.1);
#2648 = AXIS2_PLACEMENT_3D('',#2649,#2650,#2651);
#2649 = CARTESIAN_POINT('',(-59.95944084089,59.959440840898,-5.));
#2650 = DIRECTION('',(0.,0.,1.));
#2651 = DIRECTION('',(0.707106781187,-0.707106781187,0.));
#2652 = ORIENTED_EDGE('',*,*,#2653,.T.);
#2653 = EDGE_CURVE('',#2645,#1259,#2654,.T.);
#2654 = LINE('',#2655,#2656);
#2655 = CARTESIAN_POINT('',(-60.7372583002,59.181623381593,-6.));
#2656 = VECTOR('',#2657,1.);
#2657 = DIRECTION('',(0.,0.,1.));
#2658 = CYLINDRICAL_SURFACE('',#2659,1.1);
#2659 = AXIS2_PLACEMENT_3D('',#2660,#2661,#2662);
#2660 = CARTESIAN_POINT('',(-59.95944084089,59.959440840898,-6.));
#2661 = DIRECTION('',(0.,0.,1.));
#2662 = DIRECTION('',(0.707106781187,-0.707106781187,0.));
#2663 = ADVANCED_FACE('',(#2664),#2682,.T.);
#2664 = FACE_BOUND('',#2665,.T.);
#2665 = EDGE_LOOP('',(#2666,#2674,#2675,#2676));
#2666 = ORIENTED_EDGE('',*,*,#2667,.T.);
#2667 = EDGE_CURVE('',#2668,#2645,#2670,.T.);
#2668 = VERTEX_POINT('',#2669);
#2669 = CARTESIAN_POINT('',(-59.11091270347,57.555277784864,-5.));
#2670 = LINE('',#2671,#2672);
#2671 = CARTESIAN_POINT('',(-30.75753787975,29.201902961144,-5.));
#2672 = VECTOR('',#2673,1.);
#2673 = DIRECTION('',(-0.707106781187,0.707106781187,0.));
#2674 = ORIENTED_EDGE('',*,*,#2653,.T.);
#2675 = ORIENTED_EDGE('',*,*,#1258,.F.);
#2676 = ORIENTED_EDGE('',*,*,#2677,.F.);
#2677 = EDGE_CURVE('',#2668,#1250,#2678,.T.);
#2678 = LINE('',#2679,#2680);
#2679 = CARTESIAN_POINT('',(-59.11091270347,57.555277784864,-6.));
#2680 = VECTOR('',#2681,1.);
#2681 = DIRECTION('',(0.,0.,1.));
#2682 = PLANE('',#2683);
#2683 = AXIS2_PLACEMENT_3D('',#2684,#2685,#2686);
#2684 = CARTESIAN_POINT('',(-60.7372583002,59.181623381593,-6.));
#2685 = DIRECTION('',(0.707106781187,0.707106781187,0.));
#2686 = DIRECTION('',(0.,0.,1.));
#2687 = ADVANCED_FACE('',(#2688),#2713,.F.);
#2688 = FACE_BOUND('',#2689,.F.);
#2689 = EDGE_LOOP('',(#2690,#2700,#2706,#2707));
#2690 = ORIENTED_EDGE('',*,*,#2691,.T.);
#2691 = EDGE_CURVE('',#2692,#2694,#2696,.T.);
#2692 = VERTEX_POINT('',#2693);
#2693 = CARTESIAN_POINT('',(-68.44472221513,66.889087296526,-5.));
#2694 = VERTEX_POINT('',#2695);
#2695 = CARTESIAN_POINT('',(-66.8183766184,65.262741699797,-5.));
#2696 = LINE('',#2697,#2698);
#2697 = CARTESIAN_POINT('',(-65.29809703885,63.742462120246,-5.));
#2698 = VECTOR('',#2699,1.);
#2699 = DIRECTION('',(0.707106781187,-0.707106781187,0.));
#2700 = ORIENTED_EDGE('',*,*,#2701,.T.);
#2701 = EDGE_CURVE('',#2694,#1093,#2702,.T.);
#2702 = LINE('',#2703,#2704);
#2703 = CARTESIAN_POINT('',(-66.8183766184,65.262741699797,-6.));
#2704 = VECTOR('',#2705,1.);
#2705 = DIRECTION('',(0.,0.,1.));
#2706 = ORIENTED_EDGE('',*,*,#1101,.F.);
#2707 = ORIENTED_EDGE('',*,*,#2708,.F.);
#2708 = EDGE_CURVE('',#2692,#1102,#2709,.T.);
#2709 = LINE('',#2710,#2711);
#2710 = CARTESIAN_POINT('',(-68.44472221513,66.889087296526,-6.));
#2711 = VECTOR('',#2712,1.);
#2712 = DIRECTION('',(0.,0.,1.));
#2713 = PLANE('',#2714);
#2714 = AXIS2_PLACEMENT_3D('',#2715,#2716,#2717);
#2715 = CARTESIAN_POINT('',(-66.8183766184,65.262741699797,-6.));
#2716 = DIRECTION('',(-0.707106781187,-0.707106781187,0.));
#2717 = DIRECTION('',(0.,0.,1.));
#2718 = ADVANCED_FACE('',(#2719),#2738,.F.);
#2719 = FACE_BOUND('',#2720,.F.);
#2720 = EDGE_LOOP('',(#2721,#2722,#2723,#2732));
#2721 = ORIENTED_EDGE('',*,*,#1092,.F.);
#2722 = ORIENTED_EDGE('',*,*,#2701,.F.);
#2723 = ORIENTED_EDGE('',*,*,#2724,.T.);
#2724 = EDGE_CURVE('',#2694,#2725,#2727,.T.);
#2725 = VERTEX_POINT('',#2726);
#2726 = CARTESIAN_POINT('',(-65.90736138505,64.948653323881,-5.));
#2727 = CIRCLE('',#2728,1.1);
#2728 = AXIS2_PLACEMENT_3D('',#2729,#2730,#2731);
#2729 = CARTESIAN_POINT('',(-66.0405591591,66.040559159102,-5.));
#2730 = DIRECTION('',(0.,0.,1.));
#2731 = DIRECTION('',(-0.707106781187,0.707106781187,0.));
#2732 = ORIENTED_EDGE('',*,*,#2733,.T.);
#2733 = EDGE_CURVE('',#2725,#1084,#2734,.T.);
#2734 = LINE('',#2735,#2736);
#2735 = CARTESIAN_POINT('',(-65.90736138505,64.948653323881,-6.));
#2736 = VECTOR('',#2737,1.);
#2737 = DIRECTION('',(0.,0.,1.));
#2738 = CYLINDRICAL_SURFACE('',#2739,1.1);
#2739 = AXIS2_PLACEMENT_3D('',#2740,#2741,#2742);
#2740 = CARTESIAN_POINT('',(-66.0405591591,66.040559159102,-6.));
#2741 = DIRECTION('',(0.,0.,1.));
#2742 = DIRECTION('',(-0.707106781187,0.707106781187,0.));
#2743 = ADVANCED_FACE('',(#2744),#2763,.F.);
#2744 = FACE_BOUND('',#2745,.F.);
#2745 = EDGE_LOOP('',(#2746,#2755,#2761,#2762));
#2746 = ORIENTED_EDGE('',*,*,#2747,.T.);
#2747 = EDGE_CURVE('',#2725,#2748,#2750,.T.);
#2748 = VERTEX_POINT('',#2749);
#2749 = CARTESIAN_POINT('',(-65.90736138505,61.051346676119,-5.));
#2750 = CIRCLE('',#2751,3.5);
#2751 = AXIS2_PLACEMENT_3D('',#2752,#2753,#2754);
#2752 = CARTESIAN_POINT('',(-63.,63.,-5.));
#2753 = DIRECTION('',(0.,0.,1.));
#2754 = DIRECTION('',(1.,0.,-0.));
#2755 = ORIENTED_EDGE('',*,*,#2756,.T.);
#2756 = EDGE_CURVE('',#2748,#1075,#2757,.T.);
#2757 = LINE('',#2758,#2759);
#2758 = CARTESIAN_POINT('',(-65.90736138505,61.051346676119,-6.));
#2759 = VECTOR('',#2760,1.);
#2760 = DIRECTION('',(0.,0.,1.));
#2761 = ORIENTED_EDGE('',*,*,#1083,.F.);
#2762 = ORIENTED_EDGE('',*,*,#2733,.F.);
#2763 = CYLINDRICAL_SURFACE('',#2764,3.5);
#2764 = AXIS2_PLACEMENT_3D('',#2765,#2766,#2767);
#2765 = CARTESIAN_POINT('',(-63.,63.,-6.));
#2766 = DIRECTION('',(0.,0.,1.));
#2767 = DIRECTION('',(1.,0.,-0.));
#2768 = ADVANCED_FACE('',(#2769),#2788,.F.);
#2769 = FACE_BOUND('',#2770,.F.);
#2770 = EDGE_LOOP('',(#2771,#2772,#2773,#2782));
#2771 = ORIENTED_EDGE('',*,*,#1074,.F.);
#2772 = ORIENTED_EDGE('',*,*,#2756,.F.);
#2773 = ORIENTED_EDGE('',*,*,#2774,.T.);
#2774 = EDGE_CURVE('',#2748,#2775,#2777,.T.);
#2775 = VERTEX_POINT('',#2776);
#2776 = CARTESIAN_POINT('',(-66.8183766184,60.737258300203,-5.));
#2777 = CIRCLE('',#2778,1.1);
#2778 = AXIS2_PLACEMENT_3D('',#2779,#2780,#2781);
#2779 = CARTESIAN_POINT('',(-66.0405591591,59.959440840898,-5.));
#2780 = DIRECTION('',(0.,0.,1.));
#2781 = DIRECTION('',(-0.707106781187,-0.707106781187,0.));
#2782 = ORIENTED_EDGE('',*,*,#2783,.T.);
#2783 = EDGE_CURVE('',#2775,#1067,#2784,.T.);
#2784 = LINE('',#2785,#2786);
#2785 = CARTESIAN_POINT('',(-66.8183766184,60.737258300203,-6.));
#2786 = VECTOR('',#2787,1.);
#2787 = DIRECTION('',(0.,0.,1.));
#2788 = CYLINDRICAL_SURFACE('',#2789,1.1);
#2789 = AXIS2_PLACEMENT_3D('',#2790,#2791,#2792);
#2790 = CARTESIAN_POINT('',(-66.0405591591,59.959440840898,-6.));
#2791 = DIRECTION('',(0.,0.,1.));
#2792 = DIRECTION('',(-0.707106781187,-0.707106781187,0.));
#2793 = ADVANCED_FACE('',(#2794),#2812,.T.);
#2794 = FACE_BOUND('',#2795,.T.);
#2795 = EDGE_LOOP('',(#2796,#2804,#2805,#2806));
#2796 = ORIENTED_EDGE('',*,*,#2797,.T.);
#2797 = EDGE_CURVE('',#2798,#2775,#2800,.T.);
#2798 = VERTEX_POINT('',#2799);
#2799 = CARTESIAN_POINT('',(-68.44472221513,59.110912703474,-5.));
#2800 = LINE('',#2801,#2802);
#2801 = CARTESIAN_POINT('',(-65.29809703885,62.257537879754,-5.));
#2802 = VECTOR('',#2803,1.);
#2803 = DIRECTION('',(0.707106781187,0.707106781187,-0.));
#2804 = ORIENTED_EDGE('',*,*,#2783,.T.);
#2805 = ORIENTED_EDGE('',*,*,#1066,.F.);
#2806 = ORIENTED_EDGE('',*,*,#2807,.F.);
#2807 = EDGE_CURVE('',#2798,#1058,#2808,.T.);
#2808 = LINE('',#2809,#2810);
#2809 = CARTESIAN_POINT('',(-68.44472221513,59.110912703474,-6.));
#2810 = VECTOR('',#2811,1.);
#2811 = DIRECTION('',(0.,0.,1.));
#2812 = PLANE('',#2813);
#2813 = AXIS2_PLACEMENT_3D('',#2814,#2815,#2816);
#2814 = CARTESIAN_POINT('',(-66.8183766184,60.737258300203,-6.));
#2815 = DIRECTION('',(0.707106781187,-0.707106781187,0.));
#2816 = DIRECTION('',(0.,0.,1.));
#2817 = ADVANCED_FACE('',(#2818),#2843,.F.);
#2818 = FACE_BOUND('',#2819,.F.);
#2819 = EDGE_LOOP('',(#2820,#2830,#2836,#2837));
#2820 = ORIENTED_EDGE('',*,*,#2821,.T.);
#2821 = EDGE_CURVE('',#2822,#2824,#2826,.T.);
#2822 = VERTEX_POINT('',#2823);
#2823 = CARTESIAN_POINT('',(-59.11091270347,68.444722215136,-5.));
#2824 = VERTEX_POINT('',#2825);
#2825 = CARTESIAN_POINT('',(-60.7372583002,66.818376618407,-5.));
#2826 = LINE('',#2827,#2828);
#2827 = CARTESIAN_POINT('',(-62.25753787975,65.298097038856,-5.));
#2828 = VECTOR('',#2829,1.);
#2829 = DIRECTION('',(-0.707106781187,-0.707106781187,0.));
#2830 = ORIENTED_EDGE('',*,*,#2831,.T.);
#2831 = EDGE_CURVE('',#2824,#1154,#2832,.T.);
#2832 = LINE('',#2833,#2834);
#2833 = CARTESIAN_POINT('',(-60.7372583002,66.818376618407,-6.));
#2834 = VECTOR('',#2835,1.);
#2835 = DIRECTION('',(0.,0.,1.));
#2836 = ORIENTED_EDGE('',*,*,#1162,.F.);
#2837 = ORIENTED_EDGE('',*,*,#2838,.F.);
#2838 = EDGE_CURVE('',#2822,#1163,#2839,.T.);
#2839 = LINE('',#2840,#2841);
#2840 = CARTESIAN_POINT('',(-59.11091270347,68.444722215136,-6.));
#2841 = VECTOR('',#2842,1.);
#2842 = DIRECTION('',(0.,0.,1.));
#2843 = PLANE('',#2844);
#2844 = AXIS2_PLACEMENT_3D('',#2845,#2846,#2847);
#2845 = CARTESIAN_POINT('',(-60.7372583002,66.818376618407,-6.));
#2846 = DIRECTION('',(-0.707106781187,0.707106781187,0.));
#2847 = DIRECTION('',(0.,0.,1.));
#2848 = ADVANCED_FACE('',(#2849),#2868,.F.);
#2849 = FACE_BOUND('',#2850,.F.);
#2850 = EDGE_LOOP('',(#2851,#2852,#2853,#2862));
#2851 = ORIENTED_EDGE('',*,*,#1153,.F.);
#2852 = ORIENTED_EDGE('',*,*,#2831,.F.);
#2853 = ORIENTED_EDGE('',*,*,#2854,.T.);
#2854 = EDGE_CURVE('',#2824,#2855,#2857,.T.);
#2855 = VERTEX_POINT('',#2856);
#2856 = CARTESIAN_POINT('',(-61.05134667611,65.907361385058,-5.));
#2857 = CIRCLE('',#2858,1.1);
#2858 = AXIS2_PLACEMENT_3D('',#2859,#2860,#2861);
#2859 = CARTESIAN_POINT('',(-59.95944084089,66.040559159102,-5.));
#2860 = DIRECTION('',(0.,0.,1.));
#2861 = DIRECTION('',(0.707106781187,0.707106781187,-0.));
#2862 = ORIENTED_EDGE('',*,*,#2863,.T.);
#2863 = EDGE_CURVE('',#2855,#1145,#2864,.T.);
#2864 = LINE('',#2865,#2866);
#2865 = CARTESIAN_POINT('',(-61.05134667611,65.907361385058,-6.));
#2866 = VECTOR('',#2867,1.);
#2867 = DIRECTION('',(0.,0.,1.));
#2868 = CYLINDRICAL_SURFACE('',#2869,1.1);
#2869 = AXIS2_PLACEMENT_3D('',#2870,#2871,#2872);
#2870 = CARTESIAN_POINT('',(-59.95944084089,66.040559159102,-6.));
#2871 = DIRECTION('',(0.,0.,1.));
#2872 = DIRECTION('',(0.707106781187,0.707106781187,0.));
#2873 = ADVANCED_FACE('',(#2874),#2893,.F.);
#2874 = FACE_BOUND('',#2875,.F.);
#2875 = EDGE_LOOP('',(#2876,#2885,#2891,#2892));
#2876 = ORIENTED_EDGE('',*,*,#2877,.T.);
#2877 = EDGE_CURVE('',#2855,#2878,#2880,.T.);
#2878 = VERTEX_POINT('',#2879);
#2879 = CARTESIAN_POINT('',(-64.94865332388,65.907361385058,-5.));
#2880 = CIRCLE('',#2881,3.5);
#2881 = AXIS2_PLACEMENT_3D('',#2882,#2883,#2884);
#2882 = CARTESIAN_POINT('',(-63.,63.,-5.));
#2883 = DIRECTION('',(0.,0.,1.));
#2884 = DIRECTION('',(1.,0.,-0.));
#2885 = ORIENTED_EDGE('',*,*,#2886,.T.);
#2886 = EDGE_CURVE('',#2878,#1136,#2887,.T.);
#2887 = LINE('',#2888,#2889);
#2888 = CARTESIAN_POINT('',(-64.94865332388,65.907361385058,-6.));
#2889 = VECTOR('',#2890,1.);
#2890 = DIRECTION('',(0.,0.,1.));
#2891 = ORIENTED_EDGE('',*,*,#1144,.F.);
#2892 = ORIENTED_EDGE('',*,*,#2863,.F.);
#2893 = CYLINDRICAL_SURFACE('',#2894,3.5);
#2894 = AXIS2_PLACEMENT_3D('',#2895,#2896,#2897);
#2895 = CARTESIAN_POINT('',(-63.,63.,-6.));
#2896 = DIRECTION('',(0.,0.,1.));
#2897 = DIRECTION('',(1.,0.,-0.));
#2898 = ADVANCED_FACE('',(#2899),#2918,.F.);
#2899 = FACE_BOUND('',#2900,.F.);
#2900 = EDGE_LOOP('',(#2901,#2902,#2903,#2912));
#2901 = ORIENTED_EDGE('',*,*,#1135,.F.);
#2902 = ORIENTED_EDGE('',*,*,#2886,.F.);
#2903 = ORIENTED_EDGE('',*,*,#2904,.T.);
#2904 = EDGE_CURVE('',#2878,#2905,#2907,.T.);
#2905 = VERTEX_POINT('',#2906);
#2906 = CARTESIAN_POINT('',(-65.26274169979,66.818376618407,-5.));
#2907 = CIRCLE('',#2908,1.1);
#2908 = AXIS2_PLACEMENT_3D('',#2909,#2910,#2911);
#2909 = CARTESIAN_POINT('',(-66.0405591591,66.040559159102,-5.));
#2910 = DIRECTION('',(0.,0.,1.));
#2911 = DIRECTION('',(-0.707106781187,0.707106781187,0.));
#2912 = ORIENTED_EDGE('',*,*,#2913,.T.);
#2913 = EDGE_CURVE('',#2905,#1128,#2914,.T.);
#2914 = LINE('',#2915,#2916);
#2915 = CARTESIAN_POINT('',(-65.26274169979,66.818376618407,-6.));
#2916 = VECTOR('',#2917,1.);
#2917 = DIRECTION('',(0.,0.,1.));
#2918 = CYLINDRICAL_SURFACE('',#2919,1.1);
#2919 = AXIS2_PLACEMENT_3D('',#2920,#2921,#2922);
#2920 = CARTESIAN_POINT('',(-66.0405591591,66.040559159102,-6.));
#2921 = DIRECTION('',(0.,0.,1.));
#2922 = DIRECTION('',(-0.707106781187,0.707106781187,0.));
#2923 = ADVANCED_FACE('',(#2924),#2942,.T.);
#2924 = FACE_BOUND('',#2925,.T.);
#2925 = EDGE_LOOP('',(#2926,#2934,#2935,#2936));
#2926 = ORIENTED_EDGE('',*,*,#2927,.T.);
#2927 = EDGE_CURVE('',#2928,#2905,#2930,.T.);
#2928 = VERTEX_POINT('',#2929);
#2929 = CARTESIAN_POINT('',(-66.88908729652,68.444722215136,-5.));
#2930 = LINE('',#2931,#2932);
#2931 = CARTESIAN_POINT('',(-63.74246212024,65.298097038856,-5.));
#2932 = VECTOR('',#2933,1.);
#2933 = DIRECTION('',(0.707106781187,-0.707106781187,0.));
#2934 = ORIENTED_EDGE('',*,*,#2913,.T.);
#2935 = ORIENTED_EDGE('',*,*,#1127,.F.);
#2936 = ORIENTED_EDGE('',*,*,#2937,.F.);
#2937 = EDGE_CURVE('',#2928,#1119,#2938,.T.);
#2938 = LINE('',#2939,#2940);
#2939 = CARTESIAN_POINT('',(-66.88908729652,68.444722215136,-6.));
#2940 = VECTOR('',#2941,1.);
#2941 = DIRECTION('',(0.,0.,1.));
#2942 = PLANE('',#2943);
#2943 = AXIS2_PLACEMENT_3D('',#2944,#2945,#2946);
#2944 = CARTESIAN_POINT('',(-65.26274169979,66.818376618407,-6.));
#2945 = DIRECTION('',(-0.707106781187,-0.707106781187,0.));
#2946 = DIRECTION('',(0.,0.,1.));
#2947 = ADVANCED_FACE('',(#2948),#2974,.F.);
#2948 = FACE_BOUND('',#2949,.F.);
#2949 = EDGE_LOOP('',(#2950,#2951,#2959,#2968));
#2950 = ORIENTED_EDGE('',*,*,#1196,.F.);
#2951 = ORIENTED_EDGE('',*,*,#2952,.F.);
#2952 = EDGE_CURVE('',#2953,#1197,#2955,.T.);
#2953 = VERTEX_POINT('',#2954);
#2954 = CARTESIAN_POINT('',(-60.09263861494,64.948653323881,-5.));
#2955 = LINE('',#2956,#2957);
#2956 = CARTESIAN_POINT('',(-60.09263861494,64.948653323881,-6.));
#2957 = VECTOR('',#2958,1.);
#2958 = DIRECTION('',(0.,0.,1.));
#2959 = ORIENTED_EDGE('',*,*,#2960,.T.);
#2960 = EDGE_CURVE('',#2953,#2961,#2963,.T.);
#2961 = VERTEX_POINT('',#2962);
#2962 = CARTESIAN_POINT('',(-59.18162338159,65.262741699797,-5.));
#2963 = CIRCLE('',#2964,1.1);
#2964 = AXIS2_PLACEMENT_3D('',#2965,#2966,#2967);
#2965 = CARTESIAN_POINT('',(-59.95944084089,66.040559159102,-5.));
#2966 = DIRECTION('',(0.,0.,1.));
#2967 = DIRECTION('',(0.707106781187,0.707106781187,-0.));
#2968 = ORIENTED_EDGE('',*,*,#2969,.T.);
#2969 = EDGE_CURVE('',#2961,#1189,#2970,.T.);
#2970 = LINE('',#2971,#2972);
#2971 = CARTESIAN_POINT('',(-59.18162338159,65.262741699797,-6.));
#2972 = VECTOR('',#2973,1.);
#2973 = DIRECTION('',(0.,0.,1.));
#2974 = CYLINDRICAL_SURFACE('',#2975,1.1);
#2975 = AXIS2_PLACEMENT_3D('',#2976,#2977,#2978);
#2976 = CARTESIAN_POINT('',(-59.95944084089,66.040559159102,-6.));
#2977 = DIRECTION('',(0.,0.,1.));
#2978 = DIRECTION('',(0.707106781187,0.707106781187,0.));
#2979 = ADVANCED_FACE('',(#2980),#2998,.T.);
#2980 = FACE_BOUND('',#2981,.T.);
#2981 = EDGE_LOOP('',(#2982,#2990,#2991,#2992));
#2982 = ORIENTED_EDGE('',*,*,#2983,.T.);
#2983 = EDGE_CURVE('',#2984,#2961,#2986,.T.);
#2984 = VERTEX_POINT('',#2985);
#2985 = CARTESIAN_POINT('',(-57.55527778486,66.889087296526,-5.));
#2986 = LINE('',#2987,#2988);
#2987 = CARTESIAN_POINT('',(-60.70190296114,63.742462120246,-5.));
#2988 = VECTOR('',#2989,1.);
#2989 = DIRECTION('',(-0.707106781187,-0.707106781187,0.));
#2990 = ORIENTED_EDGE('',*,*,#2969,.T.);
#2991 = ORIENTED_EDGE('',*,*,#1188,.F.);
#2992 = ORIENTED_EDGE('',*,*,#2993,.F.);
#2993 = EDGE_CURVE('',#2984,#1180,#2994,.T.);
#2994 = LINE('',#2995,#2996);
#2995 = CARTESIAN_POINT('',(-57.55527778486,66.889087296526,-6.));
#2996 = VECTOR('',#2997,1.);
#2997 = DIRECTION('',(0.,0.,1.));
#2998 = PLANE('',#2999);
#2999 = AXIS2_PLACEMENT_3D('',#3000,#3001,#3002);
#3000 = CARTESIAN_POINT('',(-59.18162338159,65.262741699797,-6.));
#3001 = DIRECTION('',(-0.707106781187,0.707106781187,0.));
#3002 = DIRECTION('',(0.,0.,1.));
#3003 = ADVANCED_FACE('',(#3004),#3029,.F.);
#3004 = FACE_BOUND('',#3005,.F.);
#3005 = EDGE_LOOP('',(#3006,#3016,#3022,#3023));
#3006 = ORIENTED_EDGE('',*,*,#3007,.T.);
#3007 = EDGE_CURVE('',#3008,#3010,#3012,.T.);
#3008 = VERTEX_POINT('',#3009);
#3009 = CARTESIAN_POINT('',(-57.55527778486,59.110912703474,-5.));
#3010 = VERTEX_POINT('',#3011);
#3011 = CARTESIAN_POINT('',(-59.18162338159,60.737258300203,-5.));
#3012 = LINE('',#3013,#3014);
#3013 = CARTESIAN_POINT('',(-29.20190296114,30.757537879754,-5.));
#3014 = VECTOR('',#3015,1.);
#3015 = DIRECTION('',(-0.707106781187,0.707106781187,0.));
#3016 = ORIENTED_EDGE('',*,*,#3017,.T.);
#3017 = EDGE_CURVE('',#3010,#1224,#3018,.T.);
#3018 = LINE('',#3019,#3020);
#3019 = CARTESIAN_POINT('',(-59.18162338159,60.737258300203,-6.));
#3020 = VECTOR('',#3021,1.);
#3021 = DIRECTION('',(0.,0.,1.));
#3022 = ORIENTED_EDGE('',*,*,#1232,.F.);
#3023 = ORIENTED_EDGE('',*,*,#3024,.F.);
#3024 = EDGE_CURVE('',#3008,#1233,#3025,.T.);
#3025 = LINE('',#3026,#3027);
#3026 = CARTESIAN_POINT('',(-57.55527778486,59.110912703474,-6.));
#3027 = VECTOR('',#3028,1.);
#3028 = DIRECTION('',(0.,0.,1.));
#3029 = PLANE('',#3030);
#3030 = AXIS2_PLACEMENT_3D('',#3031,#3032,#3033);
#3031 = CARTESIAN_POINT('',(-59.18162338159,60.737258300203,-6.));
#3032 = DIRECTION('',(0.707106781187,0.707106781187,0.));
#3033 = DIRECTION('',(0.,0.,1.));
#3034 = ADVANCED_FACE('',(#3035),#3054,.F.);
#3035 = FACE_BOUND('',#3036,.F.);
#3036 = EDGE_LOOP('',(#3037,#3038,#3039,#3048));
#3037 = ORIENTED_EDGE('',*,*,#1223,.F.);
#3038 = ORIENTED_EDGE('',*,*,#3017,.F.);
#3039 = ORIENTED_EDGE('',*,*,#3040,.T.);
#3040 = EDGE_CURVE('',#3010,#3041,#3043,.T.);
#3041 = VERTEX_POINT('',#3042);
#3042 = CARTESIAN_POINT('',(-60.09263861494,61.051346676119,-5.));
#3043 = CIRCLE('',#3044,1.1);
#3044 = AXIS2_PLACEMENT_3D('',#3045,#3046,#3047);
#3045 = CARTESIAN_POINT('',(-59.95944084089,59.959440840898,-5.));
#3046 = DIRECTION('',(0.,0.,1.));
#3047 = DIRECTION('',(0.707106781187,-0.707106781187,0.));
#3048 = ORIENTED_EDGE('',*,*,#3049,.T.);
#3049 = EDGE_CURVE('',#3041,#1215,#3050,.T.);
#3050 = LINE('',#3051,#3052);
#3051 = CARTESIAN_POINT('',(-60.09263861494,61.051346676119,-6.));
#3052 = VECTOR('',#3053,1.);
#3053 = DIRECTION('',(0.,0.,1.));
#3054 = CYLINDRICAL_SURFACE('',#3055,1.1);
#3055 = AXIS2_PLACEMENT_3D('',#3056,#3057,#3058);
#3056 = CARTESIAN_POINT('',(-59.95944084089,59.959440840898,-6.));
#3057 = DIRECTION('',(0.,0.,1.));
#3058 = DIRECTION('',(0.707106781187,-0.707106781187,0.));
#3059 = ADVANCED_FACE('',(#3060),#3085,.F.);
#3060 = FACE_BOUND('',#3061,.F.);
#3061 = EDGE_LOOP('',(#3062,#3072,#3078,#3079));
#3062 = ORIENTED_EDGE('',*,*,#3063,.T.);
#3063 = EDGE_CURVE('',#3064,#3066,#3068,.T.);
#3064 = VERTEX_POINT('',#3065);
#3065 = CARTESIAN_POINT('',(66.889087296526,-57.55527778486,-5.));
#3066 = VERTEX_POINT('',#3067);
#3067 = CARTESIAN_POINT('',(65.262741699797,-59.18162338159,-5.));
#3068 = LINE('',#3069,#3070);
#3069 = CARTESIAN_POINT('',(61.44436508139,-63.,-5.));
#3070 = VECTOR('',#3071,1.);
#3071 = DIRECTION('',(-0.707106781187,-0.707106781187,0.));
#3072 = ORIENTED_EDGE('',*,*,#3073,.T.);
#3073 = EDGE_CURVE('',#3066,#1296,#3074,.T.);
#3074 = LINE('',#3075,#3076);
#3075 = CARTESIAN_POINT('',(65.262741699797,-59.18162338159,-6.));
#3076 = VECTOR('',#3077,1.);
#3077 = DIRECTION('',(0.,0.,1.));
#3078 = ORIENTED_EDGE('',*,*,#1293,.F.);
#3079 = ORIENTED_EDGE('',*,*,#3080,.F.);
#3080 = EDGE_CURVE('',#3064,#1294,#3081,.T.);
#3081 = LINE('',#3082,#3083);
#3082 = CARTESIAN_POINT('',(66.889087296526,-57.55527778486,-6.));
#3083 = VECTOR('',#3084,1.);
#3084 = DIRECTION('',(0.,0.,1.));
#3085 = PLANE('',#3086);
#3086 = AXIS2_PLACEMENT_3D('',#3087,#3088,#3089);
#3087 = CARTESIAN_POINT('',(65.262741699797,-59.18162338159,-6.));
#3088 = DIRECTION('',(-0.707106781187,0.707106781187,0.));
#3089 = DIRECTION('',(0.,0.,1.));
#3090 = ADVANCED_FACE('',(#3091),#3110,.F.);
#3091 = FACE_BOUND('',#3092,.F.);
#3092 = EDGE_LOOP('',(#3093,#3094,#3095,#3104));
#3093 = ORIENTED_EDGE('',*,*,#1539,.F.);
#3094 = ORIENTED_EDGE('',*,*,#3073,.F.);
#3095 = ORIENTED_EDGE('',*,*,#3096,.T.);
#3096 = EDGE_CURVE('',#3066,#3097,#3099,.T.);
#3097 = VERTEX_POINT('',#3098);
#3098 = CARTESIAN_POINT('',(64.948653323881,-60.09263861494,-5.));
#3099 = CIRCLE('',#3100,1.1);
#3100 = AXIS2_PLACEMENT_3D('',#3101,#3102,#3103);
#3101 = CARTESIAN_POINT('',(66.040559159102,-59.95944084089,-5.));
#3102 = DIRECTION('',(0.,0.,1.));
#3103 = DIRECTION('',(0.707106781187,0.707106781187,-0.));
#3104 = ORIENTED_EDGE('',*,*,#3105,.T.);
#3105 = EDGE_CURVE('',#3097,#1531,#3106,.T.);
#3106 = LINE('',#3107,#3108);
#3107 = CARTESIAN_POINT('',(64.948653323881,-60.09263861494,-6.));
#3108 = VECTOR('',#3109,1.);
#3109 = DIRECTION('',(0.,0.,1.));
#3110 = CYLINDRICAL_SURFACE('',#3111,1.1);
#3111 = AXIS2_PLACEMENT_3D('',#3112,#3113,#3114);
#3112 = CARTESIAN_POINT('',(66.040559159102,-59.95944084089,-6.));
#3113 = DIRECTION('',(0.,0.,1.));
#3114 = DIRECTION('',(0.707106781187,0.707106781187,0.));
#3115 = ADVANCED_FACE('',(#3116),#3135,.F.);
#3116 = FACE_BOUND('',#3117,.F.);
#3117 = EDGE_LOOP('',(#3118,#3127,#3133,#3134));
#3118 = ORIENTED_EDGE('',*,*,#3119,.T.);
#3119 = EDGE_CURVE('',#3097,#3120,#3122,.T.);
#3120 = VERTEX_POINT('',#3121);
#3121 = CARTESIAN_POINT('',(61.051346676119,-60.09263861494,-5.));
#3122 = CIRCLE('',#3123,3.5);
#3123 = AXIS2_PLACEMENT_3D('',#3124,#3125,#3126);
#3124 = CARTESIAN_POINT('',(63.,-63.,-5.));
#3125 = DIRECTION('',(0.,0.,1.));
#3126 = DIRECTION('',(1.,0.,-0.));
#3127 = ORIENTED_EDGE('',*,*,#3128,.T.);
#3128 = EDGE_CURVE('',#3120,#1522,#3129,.T.);
#3129 = LINE('',#3130,#3131);
#3130 = CARTESIAN_POINT('',(61.051346676119,-60.09263861494,-6.));
#3131 = VECTOR('',#3132,1.);
#3132 = DIRECTION('',(0.,0.,1.));
#3133 = ORIENTED_EDGE('',*,*,#1530,.F.);
#3134 = ORIENTED_EDGE('',*,*,#3105,.F.);
#3135 = CYLINDRICAL_SURFACE('',#3136,3.5);
#3136 = AXIS2_PLACEMENT_3D('',#3137,#3138,#3139);
#3137 = CARTESIAN_POINT('',(63.,-63.,-6.));
#3138 = DIRECTION('',(0.,0.,1.));
#3139 = DIRECTION('',(1.,0.,-0.));
#3140 = ADVANCED_FACE('',(#3141),#3160,.F.);
#3141 = FACE_BOUND('',#3142,.F.);
#3142 = EDGE_LOOP('',(#3143,#3144,#3145,#3154));
#3143 = ORIENTED_EDGE('',*,*,#1521,.F.);
#3144 = ORIENTED_EDGE('',*,*,#3128,.F.);
#3145 = ORIENTED_EDGE('',*,*,#3146,.T.);
#3146 = EDGE_CURVE('',#3120,#3147,#3149,.T.);
#3147 = VERTEX_POINT('',#3148);
#3148 = CARTESIAN_POINT('',(60.737258300203,-59.18162338159,-5.));
#3149 = CIRCLE('',#3150,1.1);
#3150 = AXIS2_PLACEMENT_3D('',#3151,#3152,#3153);
#3151 = CARTESIAN_POINT('',(59.959440840898,-59.95944084089,-5.));
#3152 = DIRECTION('',(0.,0.,1.));
#3153 = DIRECTION('',(-0.707106781187,0.707106781187,0.));
#3154 = ORIENTED_EDGE('',*,*,#3155,.T.);
#3155 = EDGE_CURVE('',#3147,#1514,#3156,.T.);
#3156 = LINE('',#3157,#3158);
#3157 = CARTESIAN_POINT('',(60.737258300203,-59.18162338159,-6.));
#3158 = VECTOR('',#3159,1.);
#3159 = DIRECTION('',(0.,0.,1.));
#3160 = CYLINDRICAL_SURFACE('',#3161,1.1);
#3161 = AXIS2_PLACEMENT_3D('',#3162,#3163,#3164);
#3162 = CARTESIAN_POINT('',(59.959440840898,-59.95944084089,-6.));
#3163 = DIRECTION('',(0.,0.,1.));
#3164 = DIRECTION('',(-0.707106781187,0.707106781187,0.));
#3165 = ADVANCED_FACE('',(#3166),#3184,.T.);
#3166 = FACE_BOUND('',#3167,.T.);
#3167 = EDGE_LOOP('',(#3168,#3176,#3177,#3178));
#3168 = ORIENTED_EDGE('',*,*,#3169,.T.);
#3169 = EDGE_CURVE('',#3170,#3147,#3172,.T.);
#3170 = VERTEX_POINT('',#3171);
#3171 = CARTESIAN_POINT('',(59.110912703474,-57.55527778486,-5.));
#3172 = LINE('',#3173,#3174);
#3173 = CARTESIAN_POINT('',(30.757537879754,-29.20190296114,-5.));
#3174 = VECTOR('',#3175,1.);
#3175 = DIRECTION('',(0.707106781187,-0.707106781187,0.));
#3176 = ORIENTED_EDGE('',*,*,#3155,.T.);
#3177 = ORIENTED_EDGE('',*,*,#1513,.F.);
#3178 = ORIENTED_EDGE('',*,*,#3179,.F.);
#3179 = EDGE_CURVE('',#3170,#1505,#3180,.T.);
#3180 = LINE('',#3181,#3182);
#3181 = CARTESIAN_POINT('',(59.110912703474,-57.55527778486,-6.));
#3182 = VECTOR('',#3183,1.);
#3183 = DIRECTION('',(0.,0.,1.));
#3184 = PLANE('',#3185);
#3185 = AXIS2_PLACEMENT_3D('',#3186,#3187,#3188);
#3186 = CARTESIAN_POINT('',(60.737258300203,-59.18162338159,-6.));
#3187 = DIRECTION('',(-0.707106781187,-0.707106781187,0.));
#3188 = DIRECTION('',(0.,0.,1.));
#3189 = ADVANCED_FACE('',(#3190),#3216,.F.);
#3190 = FACE_BOUND('',#3191,.F.);
#3191 = EDGE_LOOP('',(#3192,#3193,#3201,#3210));
#3192 = ORIENTED_EDGE('',*,*,#1329,.F.);
#3193 = ORIENTED_EDGE('',*,*,#3194,.F.);
#3194 = EDGE_CURVE('',#3195,#1330,#3197,.T.);
#3195 = VERTEX_POINT('',#3196);
#3196 = CARTESIAN_POINT('',(65.907361385058,-61.05134667611,-5.));
#3197 = LINE('',#3198,#3199);
#3198 = CARTESIAN_POINT('',(65.907361385058,-61.05134667611,-6.));
#3199 = VECTOR('',#3200,1.);
#3200 = DIRECTION('',(0.,0.,1.));
#3201 = ORIENTED_EDGE('',*,*,#3202,.T.);
#3202 = EDGE_CURVE('',#3195,#3203,#3205,.T.);
#3203 = VERTEX_POINT('',#3204);
#3204 = CARTESIAN_POINT('',(66.818376618407,-60.7372583002,-5.));
#3205 = CIRCLE('',#3206,1.1);
#3206 = AXIS2_PLACEMENT_3D('',#3207,#3208,#3209);
#3207 = CARTESIAN_POINT('',(66.040559159102,-59.95944084089,-5.));
#3208 = DIRECTION('',(0.,0.,1.));
#3209 = DIRECTION('',(0.707106781187,0.707106781187,-0.));
#3210 = ORIENTED_EDGE('',*,*,#3211,.T.);
#3211 = EDGE_CURVE('',#3203,#1322,#3212,.T.);
#3212 = LINE('',#3213,#3214);
#3213 = CARTESIAN_POINT('',(66.818376618407,-60.7372583002,-6.));
#3214 = VECTOR('',#3215,1.);
#3215 = DIRECTION('',(0.,0.,1.));
#3216 = CYLINDRICAL_SURFACE('',#3217,1.1);
#3217 = AXIS2_PLACEMENT_3D('',#3218,#3219,#3220);
#3218 = CARTESIAN_POINT('',(66.040559159102,-59.95944084089,-6.));
#3219 = DIRECTION('',(0.,0.,1.));
#3220 = DIRECTION('',(0.707106781187,0.707106781187,0.));
#3221 = ADVANCED_FACE('',(#3222),#3240,.T.);
#3222 = FACE_BOUND('',#3223,.T.);
#3223 = EDGE_LOOP('',(#3224,#3232,#3233,#3234));
#3224 = ORIENTED_EDGE('',*,*,#3225,.T.);
#3225 = EDGE_CURVE('',#3226,#3203,#3228,.T.);
#3226 = VERTEX_POINT('',#3227);
#3227 = CARTESIAN_POINT('',(68.444722215136,-59.11091270347,-5.));
#3228 = LINE('',#3229,#3230);
#3229 = CARTESIAN_POINT('',(65.298097038856,-62.25753787975,-5.));
#3230 = VECTOR('',#3231,1.);
#3231 = DIRECTION('',(-0.707106781187,-0.707106781187,0.));
#3232 = ORIENTED_EDGE('',*,*,#3211,.T.);
#3233 = ORIENTED_EDGE('',*,*,#1321,.F.);
#3234 = ORIENTED_EDGE('',*,*,#3235,.F.);
#3235 = EDGE_CURVE('',#3226,#1313,#3236,.T.);
#3236 = LINE('',#3237,#3238);
#3237 = CARTESIAN_POINT('',(68.444722215136,-59.11091270347,-6.));
#3238 = VECTOR('',#3239,1.);
#3239 = DIRECTION('',(0.,0.,1.));
#3240 = PLANE('',#3241);
#3241 = AXIS2_PLACEMENT_3D('',#3242,#3243,#3244);
#3242 = CARTESIAN_POINT('',(66.818376618407,-60.7372583002,-6.));
#3243 = DIRECTION('',(-0.707106781187,0.707106781187,0.));
#3244 = DIRECTION('',(0.,0.,1.));
#3245 = ADVANCED_FACE('',(#3246),#3271,.F.);
#3246 = FACE_BOUND('',#3247,.F.);
#3247 = EDGE_LOOP('',(#3248,#3258,#3264,#3265));
#3248 = ORIENTED_EDGE('',*,*,#3249,.T.);
#3249 = EDGE_CURVE('',#3250,#3252,#3254,.T.);
#3250 = VERTEX_POINT('',#3251);
#3251 = CARTESIAN_POINT('',(68.444722215136,-66.88908729652,-5.));
#3252 = VERTEX_POINT('',#3253);
#3253 = CARTESIAN_POINT('',(66.818376618407,-65.26274169979,-5.));
#3254 = LINE('',#3255,#3256);
#3255 = CARTESIAN_POINT('',(65.298097038856,-63.74246212024,-5.));
#3256 = VECTOR('',#3257,1.);
#3257 = DIRECTION('',(-0.707106781187,0.707106781187,0.));
#3258 = ORIENTED_EDGE('',*,*,#3259,.T.);
#3259 = EDGE_CURVE('',#3252,#1357,#3260,.T.);
#3260 = LINE('',#3261,#3262);
#3261 = CARTESIAN_POINT('',(66.818376618407,-65.26274169979,-6.));
#3262 = VECTOR('',#3263,1.);
#3263 = DIRECTION('',(0.,0.,1.));
#3264 = ORIENTED_EDGE('',*,*,#1365,.F.);
#3265 = ORIENTED_EDGE('',*,*,#3266,.F.);
#3266 = EDGE_CURVE('',#3250,#1366,#3267,.T.);
#3267 = LINE('',#3268,#3269);
#3268 = CARTESIAN_POINT('',(68.444722215136,-66.88908729652,-6.));
#3269 = VECTOR('',#3270,1.);
#3270 = DIRECTION('',(0.,0.,1.));
#3271 = PLANE('',#3272);
#3272 = AXIS2_PLACEMENT_3D('',#3273,#3274,#3275);
#3273 = CARTESIAN_POINT('',(66.818376618407,-65.26274169979,-6.));
#3274 = DIRECTION('',(0.707106781187,0.707106781187,0.));
#3275 = DIRECTION('',(0.,0.,1.));
#3276 = ADVANCED_FACE('',(#3277),#3296,.F.);
#3277 = FACE_BOUND('',#3278,.F.);
#3278 = EDGE_LOOP('',(#3279,#3280,#3281,#3290));
#3279 = ORIENTED_EDGE('',*,*,#1356,.F.);
#3280 = ORIENTED_EDGE('',*,*,#3259,.F.);
#3281 = ORIENTED_EDGE('',*,*,#3282,.T.);
#3282 = EDGE_CURVE('',#3252,#3283,#3285,.T.);
#3283 = VERTEX_POINT('',#3284);
#3284 = CARTESIAN_POINT('',(65.907361385058,-64.94865332388,-5.));
#3285 = CIRCLE('',#3286,1.1);
#3286 = AXIS2_PLACEMENT_3D('',#3287,#3288,#3289);
#3287 = CARTESIAN_POINT('',(66.040559159102,-66.0405591591,-5.));
#3288 = DIRECTION('',(0.,0.,1.));
#3289 = DIRECTION('',(0.707106781187,-0.707106781187,0.));
#3290 = ORIENTED_EDGE('',*,*,#3291,.T.);
#3291 = EDGE_CURVE('',#3283,#1348,#3292,.T.);
#3292 = LINE('',#3293,#3294);
#3293 = CARTESIAN_POINT('',(65.907361385058,-64.94865332388,-6.));
#3294 = VECTOR('',#3295,1.);
#3295 = DIRECTION('',(0.,0.,1.));
#3296 = CYLINDRICAL_SURFACE('',#3297,1.1);
#3297 = AXIS2_PLACEMENT_3D('',#3298,#3299,#3300);
#3298 = CARTESIAN_POINT('',(66.040559159102,-66.0405591591,-6.));
#3299 = DIRECTION('',(0.,0.,1.));
#3300 = DIRECTION('',(0.707106781187,-0.707106781187,0.));
#3301 = ADVANCED_FACE('',(#3302),#3327,.F.);
#3302 = FACE_BOUND('',#3303,.F.);
#3303 = EDGE_LOOP('',(#3304,#3314,#3320,#3321));
#3304 = ORIENTED_EDGE('',*,*,#3305,.T.);
#3305 = EDGE_CURVE('',#3306,#3308,#3310,.T.);
#3306 = VERTEX_POINT('',#3307);
#3307 = CARTESIAN_POINT('',(59.110912703474,-68.44472221513,-5.));
#3308 = VERTEX_POINT('',#3309);
#3309 = CARTESIAN_POINT('',(60.737258300203,-66.8183766184,-5.));
#3310 = LINE('',#3311,#3312);
#3311 = CARTESIAN_POINT('',(62.257537879754,-65.29809703885,-5.));
#3312 = VECTOR('',#3313,1.);
#3313 = DIRECTION('',(0.707106781187,0.707106781187,-0.));
#3314 = ORIENTED_EDGE('',*,*,#3315,.T.);
#3315 = EDGE_CURVE('',#3308,#1418,#3316,.T.);
#3316 = LINE('',#3317,#3318);
#3317 = CARTESIAN_POINT('',(60.737258300203,-66.8183766184,-6.));
#3318 = VECTOR('',#3319,1.);
#3319 = DIRECTION('',(0.,0.,1.));
#3320 = ORIENTED_EDGE('',*,*,#1426,.F.);
#3321 = ORIENTED_EDGE('',*,*,#3322,.F.);
#3322 = EDGE_CURVE('',#3306,#1427,#3323,.T.);
#3323 = LINE('',#3324,#3325);
#3324 = CARTESIAN_POINT('',(59.110912703474,-68.44472221513,-6.));
#3325 = VECTOR('',#3326,1.);
#3326 = DIRECTION('',(0.,0.,1.));
#3327 = PLANE('',#3328);
#3328 = AXIS2_PLACEMENT_3D('',#3329,#3330,#3331);
#3329 = CARTESIAN_POINT('',(60.737258300203,-66.8183766184,-6.));
#3330 = DIRECTION('',(0.707106781187,-0.707106781187,0.));
#3331 = DIRECTION('',(0.,0.,1.));
#3332 = ADVANCED_FACE('',(#3333),#3352,.F.);
#3333 = FACE_BOUND('',#3334,.F.);
#3334 = EDGE_LOOP('',(#3335,#3336,#3337,#3346));
#3335 = ORIENTED_EDGE('',*,*,#1417,.F.);
#3336 = ORIENTED_EDGE('',*,*,#3315,.F.);
#3337 = ORIENTED_EDGE('',*,*,#3338,.T.);
#3338 = EDGE_CURVE('',#3308,#3339,#3341,.T.);
#3339 = VERTEX_POINT('',#3340);
#3340 = CARTESIAN_POINT('',(61.051346676119,-65.90736138505,-5.));
#3341 = CIRCLE('',#3342,1.1);
#3342 = AXIS2_PLACEMENT_3D('',#3343,#3344,#3345);
#3343 = CARTESIAN_POINT('',(59.959440840898,-66.0405591591,-5.));
#3344 = DIRECTION('',(0.,0.,1.));
#3345 = DIRECTION('',(-0.707106781187,-0.707106781187,0.));
#3346 = ORIENTED_EDGE('',*,*,#3347,.T.);
#3347 = EDGE_CURVE('',#3339,#1409,#3348,.T.);
#3348 = LINE('',#3349,#3350);
#3349 = CARTESIAN_POINT('',(61.051346676119,-65.90736138505,-6.));
#3350 = VECTOR('',#3351,1.);
#3351 = DIRECTION('',(0.,0.,1.));
#3352 = CYLINDRICAL_SURFACE('',#3353,1.1);
#3353 = AXIS2_PLACEMENT_3D('',#3354,#3355,#3356);
#3354 = CARTESIAN_POINT('',(59.959440840898,-66.0405591591,-6.));
#3355 = DIRECTION('',(0.,0.,1.));
#3356 = DIRECTION('',(-0.707106781187,-0.707106781187,0.));
#3357 = ADVANCED_FACE('',(#3358),#3377,.F.);
#3358 = FACE_BOUND('',#3359,.F.);
#3359 = EDGE_LOOP('',(#3360,#3369,#3375,#3376));
#3360 = ORIENTED_EDGE('',*,*,#3361,.T.);
#3361 = EDGE_CURVE('',#3339,#3362,#3364,.T.);
#3362 = VERTEX_POINT('',#3363);
#3363 = CARTESIAN_POINT('',(64.948653323881,-65.90736138505,-5.));
#3364 = CIRCLE('',#3365,3.5);
#3365 = AXIS2_PLACEMENT_3D('',#3366,#3367,#3368);
#3366 = CARTESIAN_POINT('',(63.,-63.,-5.));
#3367 = DIRECTION('',(0.,0.,1.));
#3368 = DIRECTION('',(1.,0.,-0.));
#3369 = ORIENTED_EDGE('',*,*,#3370,.T.);
#3370 = EDGE_CURVE('',#3362,#1400,#3371,.T.);
#3371 = LINE('',#3372,#3373);
#3372 = CARTESIAN_POINT('',(64.948653323881,-65.90736138505,-6.));
#3373 = VECTOR('',#3374,1.);
#3374 = DIRECTION('',(0.,0.,1.));
#3375 = ORIENTED_EDGE('',*,*,#1408,.F.);
#3376 = ORIENTED_EDGE('',*,*,#3347,.F.);
#3377 = CYLINDRICAL_SURFACE('',#3378,3.5);
#3378 = AXIS2_PLACEMENT_3D('',#3379,#3380,#3381);
#3379 = CARTESIAN_POINT('',(63.,-63.,-6.));
#3380 = DIRECTION('',(0.,0.,1.));
#3381 = DIRECTION('',(1.,0.,-0.));
#3382 = ADVANCED_FACE('',(#3383),#3402,.F.);
#3383 = FACE_BOUND('',#3384,.F.);
#3384 = EDGE_LOOP('',(#3385,#3386,#3387,#3396));
#3385 = ORIENTED_EDGE('',*,*,#1399,.F.);
#3386 = ORIENTED_EDGE('',*,*,#3370,.F.);
#3387 = ORIENTED_EDGE('',*,*,#3388,.T.);
#3388 = EDGE_CURVE('',#3362,#3389,#3391,.T.);
#3389 = VERTEX_POINT('',#3390);
#3390 = CARTESIAN_POINT('',(65.262741699797,-66.8183766184,-5.));
#3391 = CIRCLE('',#3392,1.1);
#3392 = AXIS2_PLACEMENT_3D('',#3393,#3394,#3395);
#3393 = CARTESIAN_POINT('',(66.040559159102,-66.0405591591,-5.));
#3394 = DIRECTION('',(0.,0.,1.));
#3395 = DIRECTION('',(0.707106781187,-0.707106781187,0.));
#3396 = ORIENTED_EDGE('',*,*,#3397,.T.);
#3397 = EDGE_CURVE('',#3389,#1392,#3398,.T.);
#3398 = LINE('',#3399,#3400);
#3399 = CARTESIAN_POINT('',(65.262741699797,-66.8183766184,-6.));
#3400 = VECTOR('',#3401,1.);
#3401 = DIRECTION('',(0.,0.,1.));
#3402 = CYLINDRICAL_SURFACE('',#3403,1.1);
#3403 = AXIS2_PLACEMENT_3D('',#3404,#3405,#3406);
#3404 = CARTESIAN_POINT('',(66.040559159102,-66.0405591591,-6.));
#3405 = DIRECTION('',(0.,0.,1.));
#3406 = DIRECTION('',(0.707106781187,-0.707106781187,0.));
#3407 = ADVANCED_FACE('',(#3408),#3426,.T.);
#3408 = FACE_BOUND('',#3409,.T.);
#3409 = EDGE_LOOP('',(#3410,#3418,#3419,#3420));
#3410 = ORIENTED_EDGE('',*,*,#3411,.T.);
#3411 = EDGE_CURVE('',#3412,#3389,#3414,.T.);
#3412 = VERTEX_POINT('',#3413);
#3413 = CARTESIAN_POINT('',(66.889087296526,-68.44472221513,-5.));
#3414 = LINE('',#3415,#3416);
#3415 = CARTESIAN_POINT('',(63.742462120246,-65.29809703885,-5.));
#3416 = VECTOR('',#3417,1.);
#3417 = DIRECTION('',(-0.707106781187,0.707106781187,0.));
#3418 = ORIENTED_EDGE('',*,*,#3397,.T.);
#3419 = ORIENTED_EDGE('',*,*,#1391,.F.);
#3420 = ORIENTED_EDGE('',*,*,#3421,.F.);
#3421 = EDGE_CURVE('',#3412,#1383,#3422,.T.);
#3422 = LINE('',#3423,#3424);
#3423 = CARTESIAN_POINT('',(66.889087296526,-68.44472221513,-6.));
#3424 = VECTOR('',#3425,1.);
#3425 = DIRECTION('',(0.,0.,1.));
#3426 = PLANE('',#3427);
#3427 = AXIS2_PLACEMENT_3D('',#3428,#3429,#3430);
#3428 = CARTESIAN_POINT('',(65.262741699797,-66.8183766184,-6.));
#3429 = DIRECTION('',(0.707106781187,0.707106781187,0.));
#3430 = DIRECTION('',(0.,0.,1.));
#3431 = ADVANCED_FACE('',(#3432),#3457,.F.);
#3432 = FACE_BOUND('',#3433,.F.);
#3433 = EDGE_LOOP('',(#3434,#3444,#3450,#3451));
#3434 = ORIENTED_EDGE('',*,*,#3435,.T.);
#3435 = EDGE_CURVE('',#3436,#3438,#3440,.T.);
#3436 = VERTEX_POINT('',#3437);
#3437 = CARTESIAN_POINT('',(57.555277784864,-59.11091270347,-5.));
#3438 = VERTEX_POINT('',#3439);
#3439 = CARTESIAN_POINT('',(59.181623381593,-60.7372583002,-5.));
#3440 = LINE('',#3441,#3442);
#3441 = CARTESIAN_POINT('',(29.201902961144,-30.75753787975,-5.));
#3442 = VECTOR('',#3443,1.);
#3443 = DIRECTION('',(0.707106781187,-0.707106781187,0.));
#3444 = ORIENTED_EDGE('',*,*,#3445,.T.);
#3445 = EDGE_CURVE('',#3438,#1479,#3446,.T.);
#3446 = LINE('',#3447,#3448);
#3447 = CARTESIAN_POINT('',(59.181623381593,-60.7372583002,-6.));
#3448 = VECTOR('',#3449,1.);
#3449 = DIRECTION('',(0.,0.,1.));
#3450 = ORIENTED_EDGE('',*,*,#1487,.F.);
#3451 = ORIENTED_EDGE('',*,*,#3452,.F.);
#3452 = EDGE_CURVE('',#3436,#1488,#3453,.T.);
#3453 = LINE('',#3454,#3455);
#3454 = CARTESIAN_POINT('',(57.555277784864,-59.11091270347,-6.));
#3455 = VECTOR('',#3456,1.);
#3456 = DIRECTION('',(0.,0.,1.));
#3457 = PLANE('',#3458);
#3458 = AXIS2_PLACEMENT_3D('',#3459,#3460,#3461);
#3459 = CARTESIAN_POINT('',(59.181623381593,-60.7372583002,-6.));
#3460 = DIRECTION('',(-0.707106781187,-0.707106781187,0.));
#3461 = DIRECTION('',(0.,0.,1.));
#3462 = ADVANCED_FACE('',(#3463),#3482,.F.);
#3463 = FACE_BOUND('',#3464,.F.);
#3464 = EDGE_LOOP('',(#3465,#3466,#3467,#3476));
#3465 = ORIENTED_EDGE('',*,*,#1478,.F.);
#3466 = ORIENTED_EDGE('',*,*,#3445,.F.);
#3467 = ORIENTED_EDGE('',*,*,#3468,.T.);
#3468 = EDGE_CURVE('',#3438,#3469,#3471,.T.);
#3469 = VERTEX_POINT('',#3470);
#3470 = CARTESIAN_POINT('',(60.092638614942,-61.05134667611,-5.));
#3471 = CIRCLE('',#3472,1.1);
#3472 = AXIS2_PLACEMENT_3D('',#3473,#3474,#3475);
#3473 = CARTESIAN_POINT('',(59.959440840898,-59.95944084089,-5.));
#3474 = DIRECTION('',(0.,0.,1.));
#3475 = DIRECTION('',(-0.707106781187,0.707106781187,0.));
#3476 = ORIENTED_EDGE('',*,*,#3477,.T.);
#3477 = EDGE_CURVE('',#3469,#1470,#3478,.T.);
#3478 = LINE('',#3479,#3480);
#3479 = CARTESIAN_POINT('',(60.092638614942,-61.05134667611,-6.));
#3480 = VECTOR('',#3481,1.);
#3481 = DIRECTION('',(0.,0.,1.));
#3482 = CYLINDRICAL_SURFACE('',#3483,1.1);
#3483 = AXIS2_PLACEMENT_3D('',#3484,#3485,#3486);
#3484 = CARTESIAN_POINT('',(59.959440840898,-59.95944084089,-6.));
#3485 = DIRECTION('',(0.,0.,1.));
#3486 = DIRECTION('',(-0.707106781187,0.707106781187,0.));
#3487 = ADVANCED_FACE('',(#3488),#3507,.F.);
#3488 = FACE_BOUND('',#3489,.F.);
#3489 = EDGE_LOOP('',(#3490,#3499,#3505,#3506));
#3490 = ORIENTED_EDGE('',*,*,#3491,.T.);
#3491 = EDGE_CURVE('',#3469,#3492,#3494,.T.);
#3492 = VERTEX_POINT('',#3493);
#3493 = CARTESIAN_POINT('',(60.092638614942,-64.94865332388,-5.));
#3494 = CIRCLE('',#3495,3.5);
#3495 = AXIS2_PLACEMENT_3D('',#3496,#3497,#3498);
#3496 = CARTESIAN_POINT('',(63.,-63.,-5.));
#3497 = DIRECTION('',(0.,0.,1.));
#3498 = DIRECTION('',(1.,0.,-0.));
#3499 = ORIENTED_EDGE('',*,*,#3500,.T.);
#3500 = EDGE_CURVE('',#3492,#1461,#3501,.T.);
#3501 = LINE('',#3502,#3503);
#3502 = CARTESIAN_POINT('',(60.092638614942,-64.94865332388,-6.));
#3503 = VECTOR('',#3504,1.);
#3504 = DIRECTION('',(0.,0.,1.));
#3505 = ORIENTED_EDGE('',*,*,#1469,.F.);
#3506 = ORIENTED_EDGE('',*,*,#3477,.F.);
#3507 = CYLINDRICAL_SURFACE('',#3508,3.5);
#3508 = AXIS2_PLACEMENT_3D('',#3509,#3510,#3511);
#3509 = CARTESIAN_POINT('',(63.,-63.,-6.));
#3510 = DIRECTION('',(0.,0.,1.));
#3511 = DIRECTION('',(1.,0.,-0.));
#3512 = ADVANCED_FACE('',(#3513),#3532,.F.);
#3513 = FACE_BOUND('',#3514,.F.);
#3514 = EDGE_LOOP('',(#3515,#3516,#3517,#3526));
#3515 = ORIENTED_EDGE('',*,*,#1460,.F.);
#3516 = ORIENTED_EDGE('',*,*,#3500,.F.);
#3517 = ORIENTED_EDGE('',*,*,#3518,.T.);
#3518 = EDGE_CURVE('',#3492,#3519,#3521,.T.);
#3519 = VERTEX_POINT('',#3520);
#3520 = CARTESIAN_POINT('',(59.181623381593,-65.26274169979,-5.));
#3521 = CIRCLE('',#3522,1.1);
#3522 = AXIS2_PLACEMENT_3D('',#3523,#3524,#3525);
#3523 = CARTESIAN_POINT('',(59.959440840898,-66.0405591591,-5.));
#3524 = DIRECTION('',(0.,0.,1.));
#3525 = DIRECTION('',(-0.707106781187,-0.707106781187,0.));
#3526 = ORIENTED_EDGE('',*,*,#3527,.T.);
#3527 = EDGE_CURVE('',#3519,#1453,#3528,.T.);
#3528 = LINE('',#3529,#3530);
#3529 = CARTESIAN_POINT('',(59.181623381593,-65.26274169979,-6.));
#3530 = VECTOR('',#3531,1.);
#3531 = DIRECTION('',(0.,0.,1.));
#3532 = CYLINDRICAL_SURFACE('',#3533,1.1);
#3533 = AXIS2_PLACEMENT_3D('',#3534,#3535,#3536);
#3534 = CARTESIAN_POINT('',(59.959440840898,-66.0405591591,-6.));
#3535 = DIRECTION('',(0.,0.,1.));
#3536 = DIRECTION('',(-0.707106781187,-0.707106781187,0.));
#3537 = ADVANCED_FACE('',(#3538),#3556,.T.);
#3538 = FACE_BOUND('',#3539,.T.);
#3539 = EDGE_LOOP('',(#3540,#3548,#3549,#3550));
#3540 = ORIENTED_EDGE('',*,*,#3541,.T.);
#3541 = EDGE_CURVE('',#3542,#3519,#3544,.T.);
#3542 = VERTEX_POINT('',#3543);
#3543 = CARTESIAN_POINT('',(57.555277784864,-66.88908729652,-5.));
#3544 = LINE('',#3545,#3546);
#3545 = CARTESIAN_POINT('',(60.701902961144,-63.74246212024,-5.));
#3546 = VECTOR('',#3547,1.);
#3547 = DIRECTION('',(0.707106781187,0.707106781187,-0.));
#3548 = ORIENTED_EDGE('',*,*,#3527,.T.);
#3549 = ORIENTED_EDGE('',*,*,#1452,.F.);
#3550 = ORIENTED_EDGE('',*,*,#3551,.F.);
#3551 = EDGE_CURVE('',#3542,#1444,#3552,.T.);
#3552 = LINE('',#3553,#3554);
#3553 = CARTESIAN_POINT('',(57.555277784864,-66.88908729652,-6.));
#3554 = VECTOR('',#3555,1.);
#3555 = DIRECTION('',(0.,0.,1.));
#3556 = PLANE('',#3557);
#3557 = AXIS2_PLACEMENT_3D('',#3558,#3559,#3560);
#3558 = CARTESIAN_POINT('',(59.181623381593,-65.26274169979,-6.));
#3559 = DIRECTION('',(0.707106781187,-0.707106781187,0.));
#3560 = DIRECTION('',(0.,0.,1.));
#3561 = ADVANCED_FACE('',(#3562),#3587,.F.);
#3562 = FACE_BOUND('',#3563,.F.);
#3563 = EDGE_LOOP('',(#3564,#3574,#3580,#3581));
#3564 = ORIENTED_EDGE('',*,*,#3565,.T.);
#3565 = EDGE_CURVE('',#3566,#3568,#3570,.T.);
#3566 = VERTEX_POINT('',#3567);
#3567 = CARTESIAN_POINT('',(57.555277784864,66.889087296526,-5.));
#3568 = VERTEX_POINT('',#3569);
#3569 = CARTESIAN_POINT('',(59.181623381593,65.262741699797,-5.));
#3570 = LINE('',#3571,#3572);
#3571 = CARTESIAN_POINT('',(63.,61.44436508139,-5.));
#3572 = VECTOR('',#3573,1.);
#3573 = DIRECTION('',(0.707106781187,-0.707106781187,0.));
#3574 = ORIENTED_EDGE('',*,*,#3575,.T.);
#3575 = EDGE_CURVE('',#3568,#1551,#3576,.T.);
#3576 = LINE('',#3577,#3578);
#3577 = CARTESIAN_POINT('',(59.181623381593,65.262741699797,-6.));
#3578 = VECTOR('',#3579,1.);
#3579 = DIRECTION('',(0.,0.,1.));
#3580 = ORIENTED_EDGE('',*,*,#1548,.F.);
#3581 = ORIENTED_EDGE('',*,*,#3582,.F.);
#3582 = EDGE_CURVE('',#3566,#1549,#3583,.T.);
#3583 = LINE('',#3584,#3585);
#3584 = CARTESIAN_POINT('',(57.555277784864,66.889087296526,-6.));
#3585 = VECTOR('',#3586,1.);
#3586 = DIRECTION('',(0.,0.,1.));
#3587 = PLANE('',#3588);
#3588 = AXIS2_PLACEMENT_3D('',#3589,#3590,#3591);
#3589 = CARTESIAN_POINT('',(59.181623381593,65.262741699797,-6.));
#3590 = DIRECTION('',(-0.707106781187,-0.707106781187,0.));
#3591 = DIRECTION('',(0.,0.,1.));
#3592 = ADVANCED_FACE('',(#3593),#3612,.F.);
#3593 = FACE_BOUND('',#3594,.F.);
#3594 = EDGE_LOOP('',(#3595,#3596,#3597,#3606));
#3595 = ORIENTED_EDGE('',*,*,#1794,.F.);
#3596 = ORIENTED_EDGE('',*,*,#3575,.F.);
#3597 = ORIENTED_EDGE('',*,*,#3598,.T.);
#3598 = EDGE_CURVE('',#3568,#3599,#3601,.T.);
#3599 = VERTEX_POINT('',#3600);
#3600 = CARTESIAN_POINT('',(60.092638614942,64.948653323881,-5.));
#3601 = CIRCLE('',#3602,1.1);
#3602 = AXIS2_PLACEMENT_3D('',#3603,#3604,#3605);
#3603 = CARTESIAN_POINT('',(59.959440840898,66.040559159102,-5.));
#3604 = DIRECTION('',(0.,0.,1.));
#3605 = DIRECTION('',(-0.707106781187,0.707106781187,0.));
#3606 = ORIENTED_EDGE('',*,*,#3607,.T.);
#3607 = EDGE_CURVE('',#3599,#1786,#3608,.T.);
#3608 = LINE('',#3609,#3610);
#3609 = CARTESIAN_POINT('',(60.092638614942,64.948653323881,-6.));
#3610 = VECTOR('',#3611,1.);
#3611 = DIRECTION('',(0.,0.,1.));
#3612 = CYLINDRICAL_SURFACE('',#3613,1.1);
#3613 = AXIS2_PLACEMENT_3D('',#3614,#3615,#3616);
#3614 = CARTESIAN_POINT('',(59.959440840898,66.040559159102,-6.));
#3615 = DIRECTION('',(0.,0.,1.));
#3616 = DIRECTION('',(-0.707106781187,0.707106781187,0.));
#3617 = ADVANCED_FACE('',(#3618),#3637,.F.);
#3618 = FACE_BOUND('',#3619,.F.);
#3619 = EDGE_LOOP('',(#3620,#3629,#3635,#3636));
#3620 = ORIENTED_EDGE('',*,*,#3621,.T.);
#3621 = EDGE_CURVE('',#3599,#3622,#3624,.T.);
#3622 = VERTEX_POINT('',#3623);
#3623 = CARTESIAN_POINT('',(60.092638614942,61.051346676119,-5.));
#3624 = CIRCLE('',#3625,3.5);
#3625 = AXIS2_PLACEMENT_3D('',#3626,#3627,#3628);
#3626 = CARTESIAN_POINT('',(63.,63.,-5.));
#3627 = DIRECTION('',(0.,0.,1.));
#3628 = DIRECTION('',(1.,0.,-0.));
#3629 = ORIENTED_EDGE('',*,*,#3630,.T.);
#3630 = EDGE_CURVE('',#3622,#1777,#3631,.T.);
#3631 = LINE('',#3632,#3633);
#3632 = CARTESIAN_POINT('',(60.092638614942,61.051346676119,-6.));
#3633 = VECTOR('',#3634,1.);
#3634 = DIRECTION('',(0.,0.,1.));
#3635 = ORIENTED_EDGE('',*,*,#1785,.F.);
#3636 = ORIENTED_EDGE('',*,*,#3607,.F.);
#3637 = CYLINDRICAL_SURFACE('',#3638,3.5);
#3638 = AXIS2_PLACEMENT_3D('',#3639,#3640,#3641);
#3639 = CARTESIAN_POINT('',(63.,63.,-6.));
#3640 = DIRECTION('',(0.,0.,1.));
#3641 = DIRECTION('',(1.,0.,-0.));
#3642 = ADVANCED_FACE('',(#3643),#3662,.F.);
#3643 = FACE_BOUND('',#3644,.F.);
#3644 = EDGE_LOOP('',(#3645,#3646,#3647,#3656));
#3645 = ORIENTED_EDGE('',*,*,#1776,.F.);
#3646 = ORIENTED_EDGE('',*,*,#3630,.F.);
#3647 = ORIENTED_EDGE('',*,*,#3648,.T.);
#3648 = EDGE_CURVE('',#3622,#3649,#3651,.T.);
#3649 = VERTEX_POINT('',#3650);
#3650 = CARTESIAN_POINT('',(59.181623381593,60.737258300203,-5.));
#3651 = CIRCLE('',#3652,1.1);
#3652 = AXIS2_PLACEMENT_3D('',#3653,#3654,#3655);
#3653 = CARTESIAN_POINT('',(59.959440840898,59.959440840898,-5.));
#3654 = DIRECTION('',(0.,0.,1.));
#3655 = DIRECTION('',(-0.707106781187,-0.707106781187,0.));
#3656 = ORIENTED_EDGE('',*,*,#3657,.T.);
#3657 = EDGE_CURVE('',#3649,#1769,#3658,.T.);
#3658 = LINE('',#3659,#3660);
#3659 = CARTESIAN_POINT('',(59.181623381593,60.737258300203,-6.));
#3660 = VECTOR('',#3661,1.);
#3661 = DIRECTION('',(0.,0.,1.));
#3662 = CYLINDRICAL_SURFACE('',#3663,1.1);
#3663 = AXIS2_PLACEMENT_3D('',#3664,#3665,#3666);
#3664 = CARTESIAN_POINT('',(59.959440840898,59.959440840898,-6.));
#3665 = DIRECTION('',(0.,0.,1.));
#3666 = DIRECTION('',(-0.707106781187,-0.707106781187,0.));
#3667 = ADVANCED_FACE('',(#3668),#3686,.T.);
#3668 = FACE_BOUND('',#3669,.T.);
#3669 = EDGE_LOOP('',(#3670,#3678,#3679,#3680));
#3670 = ORIENTED_EDGE('',*,*,#3671,.T.);
#3671 = EDGE_CURVE('',#3672,#3649,#3674,.T.);
#3672 = VERTEX_POINT('',#3673);
#3673 = CARTESIAN_POINT('',(57.555277784864,59.110912703474,-5.));
#3674 = LINE('',#3675,#3676);
#3675 = CARTESIAN_POINT('',(29.201902961144,30.757537879754,-5.));
#3676 = VECTOR('',#3677,1.);
#3677 = DIRECTION('',(0.707106781187,0.707106781187,-0.));
#3678 = ORIENTED_EDGE('',*,*,#3657,.T.);
#3679 = ORIENTED_EDGE('',*,*,#1768,.F.);
#3680 = ORIENTED_EDGE('',*,*,#3681,.F.);
#3681 = EDGE_CURVE('',#3672,#1760,#3682,.T.);
#3682 = LINE('',#3683,#3684);
#3683 = CARTESIAN_POINT('',(57.555277784864,59.110912703474,-6.));
#3684 = VECTOR('',#3685,1.);
#3685 = DIRECTION('',(0.,0.,1.));
#3686 = PLANE('',#3687);
#3687 = AXIS2_PLACEMENT_3D('',#3688,#3689,#3690);
#3688 = CARTESIAN_POINT('',(59.181623381593,60.737258300203,-6.));
#3689 = DIRECTION('',(0.707106781187,-0.707106781187,0.));
#3690 = DIRECTION('',(0.,0.,1.));
#3691 = ADVANCED_FACE('',(#3692),#3717,.F.);
#3692 = FACE_BOUND('',#3693,.F.);
#3693 = EDGE_LOOP('',(#3694,#3704,#3710,#3711));
#3694 = ORIENTED_EDGE('',*,*,#3695,.T.);
#3695 = EDGE_CURVE('',#3696,#3698,#3700,.T.);
#3696 = VERTEX_POINT('',#3697);
#3697 = CARTESIAN_POINT('',(66.889087296526,68.444722215136,-5.));
#3698 = VERTEX_POINT('',#3699);
#3699 = CARTESIAN_POINT('',(65.262741699797,66.818376618407,-5.));
#3700 = LINE('',#3701,#3702);
#3701 = CARTESIAN_POINT('',(63.742462120246,65.298097038856,-5.));
#3702 = VECTOR('',#3703,1.);
#3703 = DIRECTION('',(-0.707106781187,-0.707106781187,0.));
#3704 = ORIENTED_EDGE('',*,*,#3705,.T.);
#3705 = EDGE_CURVE('',#3698,#1603,#3706,.T.);
#3706 = LINE('',#3707,#3708);
#3707 = CARTESIAN_POINT('',(65.262741699797,66.818376618407,-6.));
#3708 = VECTOR('',#3709,1.);
#3709 = DIRECTION('',(0.,0.,1.));
#3710 = ORIENTED_EDGE('',*,*,#1611,.F.);
#3711 = ORIENTED_EDGE('',*,*,#3712,.F.);
#3712 = EDGE_CURVE('',#3696,#1612,#3713,.T.);
#3713 = LINE('',#3714,#3715);
#3714 = CARTESIAN_POINT('',(66.889087296526,68.444722215136,-6.));
#3715 = VECTOR('',#3716,1.);
#3716 = DIRECTION('',(0.,0.,1.));
#3717 = PLANE('',#3718);
#3718 = AXIS2_PLACEMENT_3D('',#3719,#3720,#3721);
#3719 = CARTESIAN_POINT('',(65.262741699797,66.818376618407,-6.));
#3720 = DIRECTION('',(-0.707106781187,0.707106781187,0.));
#3721 = DIRECTION('',(0.,0.,1.));
#3722 = ADVANCED_FACE('',(#3723),#3742,.F.);
#3723 = FACE_BOUND('',#3724,.F.);
#3724 = EDGE_LOOP('',(#3725,#3726,#3727,#3736));
#3725 = ORIENTED_EDGE('',*,*,#1602,.F.);
#3726 = ORIENTED_EDGE('',*,*,#3705,.F.);
#3727 = ORIENTED_EDGE('',*,*,#3728,.T.);
#3728 = EDGE_CURVE('',#3698,#3729,#3731,.T.);
#3729 = VERTEX_POINT('',#3730);
#3730 = CARTESIAN_POINT('',(64.948653323881,65.907361385058,-5.));
#3731 = CIRCLE('',#3732,1.1);
#3732 = AXIS2_PLACEMENT_3D('',#3733,#3734,#3735);
#3733 = CARTESIAN_POINT('',(66.040559159102,66.040559159102,-5.));
#3734 = DIRECTION('',(0.,0.,1.));
#3735 = DIRECTION('',(0.707106781187,0.707106781187,-0.));
#3736 = ORIENTED_EDGE('',*,*,#3737,.T.);
#3737 = EDGE_CURVE('',#3729,#1594,#3738,.T.);
#3738 = LINE('',#3739,#3740);
#3739 = CARTESIAN_POINT('',(64.948653323881,65.907361385058,-6.));
#3740 = VECTOR('',#3741,1.);
#3741 = DIRECTION('',(0.,0.,1.));
#3742 = CYLINDRICAL_SURFACE('',#3743,1.1);
#3743 = AXIS2_PLACEMENT_3D('',#3744,#3745,#3746);
#3744 = CARTESIAN_POINT('',(66.040559159102,66.040559159102,-6.));
#3745 = DIRECTION('',(0.,0.,1.));
#3746 = DIRECTION('',(0.707106781187,0.707106781187,0.));
#3747 = ADVANCED_FACE('',(#3748),#3767,.F.);
#3748 = FACE_BOUND('',#3749,.F.);
#3749 = EDGE_LOOP('',(#3750,#3759,#3765,#3766));
#3750 = ORIENTED_EDGE('',*,*,#3751,.T.);
#3751 = EDGE_CURVE('',#3729,#3752,#3754,.T.);
#3752 = VERTEX_POINT('',#3753);
#3753 = CARTESIAN_POINT('',(61.051346676119,65.907361385058,-5.));
#3754 = CIRCLE('',#3755,3.5);
#3755 = AXIS2_PLACEMENT_3D('',#3756,#3757,#3758);
#3756 = CARTESIAN_POINT('',(63.,63.,-5.));
#3757 = DIRECTION('',(0.,0.,1.));
#3758 = DIRECTION('',(1.,0.,-0.));
#3759 = ORIENTED_EDGE('',*,*,#3760,.T.);
#3760 = EDGE_CURVE('',#3752,#1585,#3761,.T.);
#3761 = LINE('',#3762,#3763);
#3762 = CARTESIAN_POINT('',(61.051346676119,65.907361385058,-6.));
#3763 = VECTOR('',#3764,1.);
#3764 = DIRECTION('',(0.,0.,1.));
#3765 = ORIENTED_EDGE('',*,*,#1593,.F.);
#3766 = ORIENTED_EDGE('',*,*,#3737,.F.);
#3767 = CYLINDRICAL_SURFACE('',#3768,3.5);
#3768 = AXIS2_PLACEMENT_3D('',#3769,#3770,#3771);
#3769 = CARTESIAN_POINT('',(63.,63.,-6.));
#3770 = DIRECTION('',(0.,0.,1.));
#3771 = DIRECTION('',(1.,0.,-0.));
#3772 = ADVANCED_FACE('',(#3773),#3792,.F.);
#3773 = FACE_BOUND('',#3774,.F.);
#3774 = EDGE_LOOP('',(#3775,#3776,#3777,#3786));
#3775 = ORIENTED_EDGE('',*,*,#1584,.F.);
#3776 = ORIENTED_EDGE('',*,*,#3760,.F.);
#3777 = ORIENTED_EDGE('',*,*,#3778,.T.);
#3778 = EDGE_CURVE('',#3752,#3779,#3781,.T.);
#3779 = VERTEX_POINT('',#3780);
#3780 = CARTESIAN_POINT('',(60.737258300203,66.818376618407,-5.));
#3781 = CIRCLE('',#3782,1.1);
#3782 = AXIS2_PLACEMENT_3D('',#3783,#3784,#3785);
#3783 = CARTESIAN_POINT('',(59.959440840898,66.040559159102,-5.));
#3784 = DIRECTION('',(0.,0.,1.));
#3785 = DIRECTION('',(-0.707106781187,0.707106781187,0.));
#3786 = ORIENTED_EDGE('',*,*,#3787,.T.);
#3787 = EDGE_CURVE('',#3779,#1577,#3788,.T.);
#3788 = LINE('',#3789,#3790);
#3789 = CARTESIAN_POINT('',(60.737258300203,66.818376618407,-6.));
#3790 = VECTOR('',#3791,1.);
#3791 = DIRECTION('',(0.,0.,1.));
#3792 = CYLINDRICAL_SURFACE('',#3793,1.1);
#3793 = AXIS2_PLACEMENT_3D('',#3794,#3795,#3796);
#3794 = CARTESIAN_POINT('',(59.959440840898,66.040559159102,-6.));
#3795 = DIRECTION('',(0.,0.,1.));
#3796 = DIRECTION('',(-0.707106781187,0.707106781187,0.));
#3797 = ADVANCED_FACE('',(#3798),#3816,.T.);
#3798 = FACE_BOUND('',#3799,.T.);
#3799 = EDGE_LOOP('',(#3800,#3808,#3809,#3810));
#3800 = ORIENTED_EDGE('',*,*,#3801,.T.);
#3801 = EDGE_CURVE('',#3802,#3779,#3804,.T.);
#3802 = VERTEX_POINT('',#3803);
#3803 = CARTESIAN_POINT('',(59.110912703474,68.444722215136,-5.));
#3804 = LINE('',#3805,#3806);
#3805 = CARTESIAN_POINT('',(62.257537879754,65.298097038856,-5.));
#3806 = VECTOR('',#3807,1.);
#3807 = DIRECTION('',(0.707106781187,-0.707106781187,0.));
#3808 = ORIENTED_EDGE('',*,*,#3787,.T.);
#3809 = ORIENTED_EDGE('',*,*,#1576,.F.);
#3810 = ORIENTED_EDGE('',*,*,#3811,.F.);
#3811 = EDGE_CURVE('',#3802,#1568,#3812,.T.);
#3812 = LINE('',#3813,#3814);
#3813 = CARTESIAN_POINT('',(59.110912703474,68.444722215136,-6.));
#3814 = VECTOR('',#3815,1.);
#3815 = DIRECTION('',(0.,0.,1.));
#3816 = PLANE('',#3817);
#3817 = AXIS2_PLACEMENT_3D('',#3818,#3819,#3820);
#3818 = CARTESIAN_POINT('',(60.737258300203,66.818376618407,-6.));
#3819 = DIRECTION('',(-0.707106781187,-0.707106781187,0.));
#3820 = DIRECTION('',(0.,0.,1.));
#3821 = ADVANCED_FACE('',(#3822),#3848,.F.);
#3822 = FACE_BOUND('',#3823,.F.);
#3823 = EDGE_LOOP('',(#3824,#3825,#3833,#3842));
#3824 = ORIENTED_EDGE('',*,*,#1645,.F.);
#3825 = ORIENTED_EDGE('',*,*,#3826,.F.);
#3826 = EDGE_CURVE('',#3827,#1646,#3829,.T.);
#3827 = VERTEX_POINT('',#3828);
#3828 = CARTESIAN_POINT('',(65.907361385058,64.948653323881,-5.));
#3829 = LINE('',#3830,#3831);
#3830 = CARTESIAN_POINT('',(65.907361385058,64.948653323881,-6.));
#3831 = VECTOR('',#3832,1.);
#3832 = DIRECTION('',(0.,0.,1.));
#3833 = ORIENTED_EDGE('',*,*,#3834,.T.);
#3834 = EDGE_CURVE('',#3827,#3835,#3837,.T.);
#3835 = VERTEX_POINT('',#3836);
#3836 = CARTESIAN_POINT('',(66.818376618407,65.262741699797,-5.));
#3837 = CIRCLE('',#3838,1.1);
#3838 = AXIS2_PLACEMENT_3D('',#3839,#3840,#3841);
#3839 = CARTESIAN_POINT('',(66.040559159102,66.040559159102,-5.));
#3840 = DIRECTION('',(0.,0.,1.));
#3841 = DIRECTION('',(0.707106781187,0.707106781187,-0.));
#3842 = ORIENTED_EDGE('',*,*,#3843,.T.);
#3843 = EDGE_CURVE('',#3835,#1638,#3844,.T.);
#3844 = LINE('',#3845,#3846);
#3845 = CARTESIAN_POINT('',(66.818376618407,65.262741699797,-6.));
#3846 = VECTOR('',#3847,1.);
#3847 = DIRECTION('',(0.,0.,1.));
#3848 = CYLINDRICAL_SURFACE('',#3849,1.1);
#3849 = AXIS2_PLACEMENT_3D('',#3850,#3851,#3852);
#3850 = CARTESIAN_POINT('',(66.040559159102,66.040559159102,-6.));
#3851 = DIRECTION('',(0.,0.,1.));
#3852 = DIRECTION('',(0.707106781187,0.707106781187,0.));
#3853 = ADVANCED_FACE('',(#3854),#3872,.T.);
#3854 = FACE_BOUND('',#3855,.T.);
#3855 = EDGE_LOOP('',(#3856,#3864,#3865,#3866));
#3856 = ORIENTED_EDGE('',*,*,#3857,.T.);
#3857 = EDGE_CURVE('',#3858,#3835,#3860,.T.);
#3858 = VERTEX_POINT('',#3859);
#3859 = CARTESIAN_POINT('',(68.444722215136,66.889087296526,-5.));
#3860 = LINE('',#3861,#3862);
#3861 = CARTESIAN_POINT('',(65.298097038856,63.742462120246,-5.));
#3862 = VECTOR('',#3863,1.);
#3863 = DIRECTION('',(-0.707106781187,-0.707106781187,0.));
#3864 = ORIENTED_EDGE('',*,*,#3843,.T.);
#3865 = ORIENTED_EDGE('',*,*,#1637,.F.);
#3866 = ORIENTED_EDGE('',*,*,#3867,.F.);
#3867 = EDGE_CURVE('',#3858,#1629,#3868,.T.);
#3868 = LINE('',#3869,#3870);
#3869 = CARTESIAN_POINT('',(68.444722215136,66.889087296526,-6.));
#3870 = VECTOR('',#3871,1.);
#3871 = DIRECTION('',(0.,0.,1.));
#3872 = PLANE('',#3873);
#3873 = AXIS2_PLACEMENT_3D('',#3874,#3875,#3876);
#3874 = CARTESIAN_POINT('',(66.818376618407,65.262741699797,-6.));
#3875 = DIRECTION('',(-0.707106781187,0.707106781187,0.));
#3876 = DIRECTION('',(0.,0.,1.));
#3877 = ADVANCED_FACE('',(#3878),#3903,.F.);
#3878 = FACE_BOUND('',#3879,.F.);
#3879 = EDGE_LOOP('',(#3880,#3890,#3896,#3897));
#3880 = ORIENTED_EDGE('',*,*,#3881,.T.);
#3881 = EDGE_CURVE('',#3882,#3884,#3886,.T.);
#3882 = VERTEX_POINT('',#3883);
#3883 = CARTESIAN_POINT('',(68.444722215136,59.110912703474,-5.));
#3884 = VERTEX_POINT('',#3885);
#3885 = CARTESIAN_POINT('',(66.818376618407,60.737258300203,-5.));
#3886 = LINE('',#3887,#3888);
#3887 = CARTESIAN_POINT('',(65.298097038856,62.257537879754,-5.));
#3888 = VECTOR('',#3889,1.);
#3889 = DIRECTION('',(-0.707106781187,0.707106781187,0.));
#3890 = ORIENTED_EDGE('',*,*,#3891,.T.);
#3891 = EDGE_CURVE('',#3884,#1673,#3892,.T.);
#3892 = LINE('',#3893,#3894);
#3893 = CARTESIAN_POINT('',(66.818376618407,60.737258300203,-6.));
#3894 = VECTOR('',#3895,1.);
#3895 = DIRECTION('',(0.,0.,1.));
#3896 = ORIENTED_EDGE('',*,*,#1681,.F.);
#3897 = ORIENTED_EDGE('',*,*,#3898,.F.);
#3898 = EDGE_CURVE('',#3882,#1682,#3899,.T.);
#3899 = LINE('',#3900,#3901);
#3900 = CARTESIAN_POINT('',(68.444722215136,59.110912703474,-6.));
#3901 = VECTOR('',#3902,1.);
#3902 = DIRECTION('',(0.,0.,1.));
#3903 = PLANE('',#3904);
#3904 = AXIS2_PLACEMENT_3D('',#3905,#3906,#3907);
#3905 = CARTESIAN_POINT('',(66.818376618407,60.737258300203,-6.));
#3906 = DIRECTION('',(0.707106781187,0.707106781187,0.));
#3907 = DIRECTION('',(0.,0.,1.));
#3908 = ADVANCED_FACE('',(#3909),#3928,.F.);
#3909 = FACE_BOUND('',#3910,.F.);
#3910 = EDGE_LOOP('',(#3911,#3912,#3913,#3922));
#3911 = ORIENTED_EDGE('',*,*,#1672,.F.);
#3912 = ORIENTED_EDGE('',*,*,#3891,.F.);
#3913 = ORIENTED_EDGE('',*,*,#3914,.T.);
#3914 = EDGE_CURVE('',#3884,#3915,#3917,.T.);
#3915 = VERTEX_POINT('',#3916);
#3916 = CARTESIAN_POINT('',(65.907361385058,61.051346676119,-5.));
#3917 = CIRCLE('',#3918,1.1);
#3918 = AXIS2_PLACEMENT_3D('',#3919,#3920,#3921);
#3919 = CARTESIAN_POINT('',(66.040559159102,59.959440840898,-5.));
#3920 = DIRECTION('',(0.,0.,1.));
#3921 = DIRECTION('',(0.707106781187,-0.707106781187,0.));
#3922 = ORIENTED_EDGE('',*,*,#3923,.T.);
#3923 = EDGE_CURVE('',#3915,#1664,#3924,.T.);
#3924 = LINE('',#3925,#3926);
#3925 = CARTESIAN_POINT('',(65.907361385058,61.051346676119,-6.));
#3926 = VECTOR('',#3927,1.);
#3927 = DIRECTION('',(0.,0.,1.));
#3928 = CYLINDRICAL_SURFACE('',#3929,1.1);
#3929 = AXIS2_PLACEMENT_3D('',#3930,#3931,#3932);
#3930 = CARTESIAN_POINT('',(66.040559159102,59.959440840898,-6.));
#3931 = DIRECTION('',(0.,0.,1.));
#3932 = DIRECTION('',(0.707106781187,-0.707106781187,0.));
#3933 = ADVANCED_FACE('',(#3934),#3959,.F.);
#3934 = FACE_BOUND('',#3935,.F.);
#3935 = EDGE_LOOP('',(#3936,#3946,#3952,#3953));
#3936 = ORIENTED_EDGE('',*,*,#3937,.T.);
#3937 = EDGE_CURVE('',#3938,#3940,#3942,.T.);
#3938 = VERTEX_POINT('',#3939);
#3939 = CARTESIAN_POINT('',(59.110912703474,57.555277784864,-5.));
#3940 = VERTEX_POINT('',#3941);
#3941 = CARTESIAN_POINT('',(60.737258300203,59.181623381593,-5.));
#3942 = LINE('',#3943,#3944);
#3943 = CARTESIAN_POINT('',(30.757537879754,29.201902961144,-5.));
#3944 = VECTOR('',#3945,1.);
#3945 = DIRECTION('',(0.707106781187,0.707106781187,-0.));
#3946 = ORIENTED_EDGE('',*,*,#3947,.T.);
#3947 = EDGE_CURVE('',#3940,#1734,#3948,.T.);
#3948 = LINE('',#3949,#3950);
#3949 = CARTESIAN_POINT('',(60.737258300203,59.181623381593,-6.));
#3950 = VECTOR('',#3951,1.);
#3951 = DIRECTION('',(0.,0.,1.));
#3952 = ORIENTED_EDGE('',*,*,#1742,.F.);
#3953 = ORIENTED_EDGE('',*,*,#3954,.F.);
#3954 = EDGE_CURVE('',#3938,#1743,#3955,.T.);
#3955 = LINE('',#3956,#3957);
#3956 = CARTESIAN_POINT('',(59.110912703474,57.555277784864,-6.));
#3957 = VECTOR('',#3958,1.);
#3958 = DIRECTION('',(0.,0.,1.));
#3959 = PLANE('',#3960);
#3960 = AXIS2_PLACEMENT_3D('',#3961,#3962,#3963);
#3961 = CARTESIAN_POINT('',(60.737258300203,59.181623381593,-6.));
#3962 = DIRECTION('',(0.707106781187,-0.707106781187,0.));
#3963 = DIRECTION('',(0.,0.,1.));
#3964 = ADVANCED_FACE('',(#3965),#3984,.F.);
#3965 = FACE_BOUND('',#3966,.F.);
#3966 = EDGE_LOOP('',(#3967,#3968,#3969,#3978));
#3967 = ORIENTED_EDGE('',*,*,#1733,.F.);
#3968 = ORIENTED_EDGE('',*,*,#3947,.F.);
#3969 = ORIENTED_EDGE('',*,*,#3970,.T.);
#3970 = EDGE_CURVE('',#3940,#3971,#3973,.T.);
#3971 = VERTEX_POINT('',#3972);
#3972 = CARTESIAN_POINT('',(61.051346676119,60.092638614942,-5.));
#3973 = CIRCLE('',#3974,1.1);
#3974 = AXIS2_PLACEMENT_3D('',#3975,#3976,#3977);
#3975 = CARTESIAN_POINT('',(59.959440840898,59.959440840898,-5.));
#3976 = DIRECTION('',(0.,0.,1.));
#3977 = DIRECTION('',(-0.707106781187,-0.707106781187,0.));
#3978 = ORIENTED_EDGE('',*,*,#3979,.T.);
#3979 = EDGE_CURVE('',#3971,#1725,#3980,.T.);
#3980 = LINE('',#3981,#3982);
#3981 = CARTESIAN_POINT('',(61.051346676119,60.092638614942,-6.));
#3982 = VECTOR('',#3983,1.);
#3983 = DIRECTION('',(0.,0.,1.));
#3984 = CYLINDRICAL_SURFACE('',#3985,1.1);
#3985 = AXIS2_PLACEMENT_3D('',#3986,#3987,#3988);
#3986 = CARTESIAN_POINT('',(59.959440840898,59.959440840898,-6.));
#3987 = DIRECTION('',(0.,0.,1.));
#3988 = DIRECTION('',(-0.707106781187,-0.707106781187,0.));
#3989 = ADVANCED_FACE('',(#3990),#4009,.F.);
#3990 = FACE_BOUND('',#3991,.F.);
#3991 = EDGE_LOOP('',(#3992,#4001,#4007,#4008));
#3992 = ORIENTED_EDGE('',*,*,#3993,.T.);
#3993 = EDGE_CURVE('',#3971,#3994,#3996,.T.);
#3994 = VERTEX_POINT('',#3995);
#3995 = CARTESIAN_POINT('',(64.948653323881,60.092638614942,-5.));
#3996 = CIRCLE('',#3997,3.5);
#3997 = AXIS2_PLACEMENT_3D('',#3998,#3999,#4000);
#3998 = CARTESIAN_POINT('',(63.,63.,-5.));
#3999 = DIRECTION('',(0.,0.,1.));
#4000 = DIRECTION('',(1.,0.,-0.));
#4001 = ORIENTED_EDGE('',*,*,#4002,.T.);
#4002 = EDGE_CURVE('',#3994,#1716,#4003,.T.);
#4003 = LINE('',#4004,#4005);
#4004 = CARTESIAN_POINT('',(64.948653323881,60.092638614942,-6.));
#4005 = VECTOR('',#4006,1.);
#4006 = DIRECTION('',(0.,0.,1.));
#4007 = ORIENTED_EDGE('',*,*,#1724,.F.);
#4008 = ORIENTED_EDGE('',*,*,#3979,.F.);
#4009 = CYLINDRICAL_SURFACE('',#4010,3.5);
#4010 = AXIS2_PLACEMENT_3D('',#4011,#4012,#4013);
#4011 = CARTESIAN_POINT('',(63.,63.,-6.));
#4012 = DIRECTION('',(0.,0.,1.));
#4013 = DIRECTION('',(1.,0.,-0.));
#4014 = ADVANCED_FACE('',(#4015),#4034,.F.);
#4015 = FACE_BOUND('',#4016,.F.);
#4016 = EDGE_LOOP('',(#4017,#4018,#4019,#4028));
#4017 = ORIENTED_EDGE('',*,*,#1715,.F.);
#4018 = ORIENTED_EDGE('',*,*,#4002,.F.);
#4019 = ORIENTED_EDGE('',*,*,#4020,.T.);
#4020 = EDGE_CURVE('',#3994,#4021,#4023,.T.);
#4021 = VERTEX_POINT('',#4022);
#4022 = CARTESIAN_POINT('',(65.262741699797,59.181623381593,-5.));
#4023 = CIRCLE('',#4024,1.1);
#4024 = AXIS2_PLACEMENT_3D('',#4025,#4026,#4027);
#4025 = CARTESIAN_POINT('',(66.040559159102,59.959440840898,-5.));
#4026 = DIRECTION('',(0.,0.,1.));
#4027 = DIRECTION('',(0.707106781187,-0.707106781187,0.));
#4028 = ORIENTED_EDGE('',*,*,#4029,.T.);
#4029 = EDGE_CURVE('',#4021,#1708,#4030,.T.);
#4030 = LINE('',#4031,#4032);
#4031 = CARTESIAN_POINT('',(65.262741699797,59.181623381593,-6.));
#4032 = VECTOR('',#4033,1.);
#4033 = DIRECTION('',(0.,0.,1.));
#4034 = CYLINDRICAL_SURFACE('',#4035,1.1);
#4035 = AXIS2_PLACEMENT_3D('',#4036,#4037,#4038);
#4036 = CARTESIAN_POINT('',(66.040559159102,59.959440840898,-6.));
#4037 = DIRECTION('',(0.,0.,1.));
#4038 = DIRECTION('',(0.707106781187,-0.707106781187,0.));
#4039 = ADVANCED_FACE('',(#4040),#4058,.T.);
#4040 = FACE_BOUND('',#4041,.T.);
#4041 = EDGE_LOOP('',(#4042,#4050,#4051,#4052));
#4042 = ORIENTED_EDGE('',*,*,#4043,.T.);
#4043 = EDGE_CURVE('',#4044,#4021,#4046,.T.);
#4044 = VERTEX_POINT('',#4045);
#4045 = CARTESIAN_POINT('',(66.889087296526,57.555277784864,-5.));
#4046 = LINE('',#4047,#4048);
#4047 = CARTESIAN_POINT('',(63.742462120246,60.701902961144,-5.));
#4048 = VECTOR('',#4049,1.);
#4049 = DIRECTION('',(-0.707106781187,0.707106781187,0.));
#4050 = ORIENTED_EDGE('',*,*,#4029,.T.);
#4051 = ORIENTED_EDGE('',*,*,#1707,.F.);
#4052 = ORIENTED_EDGE('',*,*,#4053,.F.);
#4053 = EDGE_CURVE('',#4044,#1699,#4054,.T.);
#4054 = LINE('',#4055,#4056);
#4055 = CARTESIAN_POINT('',(66.889087296526,57.555277784864,-6.));
#4056 = VECTOR('',#4057,1.);
#4057 = DIRECTION('',(0.,0.,1.));
#4058 = PLANE('',#4059);
#4059 = AXIS2_PLACEMENT_3D('',#4060,#4061,#4062);
#4060 = CARTESIAN_POINT('',(65.262741699797,59.181623381593,-6.));
#4061 = DIRECTION('',(0.707106781187,0.707106781187,0.));
#4062 = DIRECTION('',(0.,0.,1.));
#4063 = ADVANCED_FACE('',(#4064),#4089,.T.);
#4064 = FACE_BOUND('',#4065,.T.);
#4065 = EDGE_LOOP('',(#4066,#4074,#4082,#4088));
#4066 = ORIENTED_EDGE('',*,*,#4067,.F.);
#4067 = EDGE_CURVE('',#4068,#1804,#4070,.T.);
#4068 = VERTEX_POINT('',#4069);
#4069 = CARTESIAN_POINT('',(-11.25,-8.,-3.));
#4070 = LINE('',#4071,#4072);
#4071 = CARTESIAN_POINT('',(-11.25,-8.,-6.));
#4072 = VECTOR('',#4073,1.);
#4073 = DIRECTION('',(0.,0.,1.));
#4074 = ORIENTED_EDGE('',*,*,#4075,.T.);
#4075 = EDGE_CURVE('',#4068,#4076,#4078,.T.);
#4076 = VERTEX_POINT('',#4077);
#4077 = CARTESIAN_POINT('',(-11.25,8.,-3.));
#4078 = LINE('',#4079,#4080);
#4079 = CARTESIAN_POINT('',(-11.25,-20.8,-3.));
#4080 = VECTOR('',#4081,1.);
#4081 = DIRECTION('',(-0.,1.,0.));
#4082 = ORIENTED_EDGE('',*,*,#4083,.T.);
#4083 = EDGE_CURVE('',#4076,#1806,#4084,.T.);
#4084 = LINE('',#4085,#4086);
#4085 = CARTESIAN_POINT('',(-11.25,8.,-6.));
#4086 = VECTOR('',#4087,1.);
#4087 = DIRECTION('',(0.,0.,1.));
#4088 = ORIENTED_EDGE('',*,*,#1803,.F.);
#4089 = PLANE('',#4090);
#4090 = AXIS2_PLACEMENT_3D('',#4091,#4092,#4093);
#4091 = CARTESIAN_POINT('',(-11.25,-8.,-6.));
#4092 = DIRECTION('',(1.,0.,-0.));
#4093 = DIRECTION('',(0.,0.,1.));
#4094 = ADVANCED_FACE('',(#4095),#4113,.T.);
#4095 = FACE_BOUND('',#4096,.T.);
#4096 = EDGE_LOOP('',(#4097,#4105,#4111,#4112));
#4097 = ORIENTED_EDGE('',*,*,#4098,.F.);
#4098 = EDGE_CURVE('',#4099,#1822,#4101,.T.);
#4099 = VERTEX_POINT('',#4100);
#4100 = CARTESIAN_POINT('',(-8.75,-8.,-3.));
#4101 = LINE('',#4102,#4103);
#4102 = CARTESIAN_POINT('',(-8.75,-8.,-6.));
#4103 = VECTOR('',#4104,1.);
#4104 = DIRECTION('',(0.,0.,1.));
#4105 = ORIENTED_EDGE('',*,*,#4106,.T.);
#4106 = EDGE_CURVE('',#4099,#4068,#4107,.T.);
#4107 = LINE('',#4108,#4109);
#4108 = CARTESIAN_POINT('',(-20.425,-8.,-3.));
#4109 = VECTOR('',#4110,1.);
#4110 = DIRECTION('',(-1.,-0.,0.));
#4111 = ORIENTED_EDGE('',*,*,#4067,.T.);
#4112 = ORIENTED_EDGE('',*,*,#1829,.F.);
#4113 = PLANE('',#4114);
#4114 = AXIS2_PLACEMENT_3D('',#4115,#4116,#4117);
#4115 = CARTESIAN_POINT('',(-11.25,-8.,-6.));
#4116 = DIRECTION('',(-0.,1.,0.));
#4117 = DIRECTION('',(0.,0.,1.));
#4118 = ADVANCED_FACE('',(#4119),#4137,.F.);
#4119 = FACE_BOUND('',#4120,.F.);
#4120 = EDGE_LOOP('',(#4121,#4122,#4130,#4136));
#4121 = ORIENTED_EDGE('',*,*,#4098,.F.);
#4122 = ORIENTED_EDGE('',*,*,#4123,.T.);
#4123 = EDGE_CURVE('',#4099,#4124,#4126,.T.);
#4124 = VERTEX_POINT('',#4125);
#4125 = CARTESIAN_POINT('',(-8.75,8.,-3.));
#4126 = LINE('',#4127,#4128);
#4127 = CARTESIAN_POINT('',(-8.75,-20.8,-3.));
#4128 = VECTOR('',#4129,1.);
#4129 = DIRECTION('',(-0.,1.,0.));
#4130 = ORIENTED_EDGE('',*,*,#4131,.T.);
#4131 = EDGE_CURVE('',#4124,#1814,#4132,.T.);
#4132 = LINE('',#4133,#4134);
#4133 = CARTESIAN_POINT('',(-8.75,8.,-6.));
#4134 = VECTOR('',#4135,1.);
#4135 = DIRECTION('',(0.,0.,1.));
#4136 = ORIENTED_EDGE('',*,*,#1821,.F.);
#4137 = PLANE('',#4138);
#4138 = AXIS2_PLACEMENT_3D('',#4139,#4140,#4141);
#4139 = CARTESIAN_POINT('',(-8.75,-8.,-6.));
#4140 = DIRECTION('',(1.,0.,-0.));
#4141 = DIRECTION('',(0.,0.,1.));
#4142 = ADVANCED_FACE('',(#4143),#4154,.F.);
#4143 = FACE_BOUND('',#4144,.F.);
#4144 = EDGE_LOOP('',(#4145,#4146,#4152,#4153));
#4145 = ORIENTED_EDGE('',*,*,#4131,.F.);
#4146 = ORIENTED_EDGE('',*,*,#4147,.T.);
#4147 = EDGE_CURVE('',#4124,#4076,#4148,.T.);
#4148 = LINE('',#4149,#4150);
#4149 = CARTESIAN_POINT('',(-20.425,8.,-3.));
#4150 = VECTOR('',#4151,1.);
#4151 = DIRECTION('',(-1.,-0.,0.));
#4152 = ORIENTED_EDGE('',*,*,#4083,.T.);
#4153 = ORIENTED_EDGE('',*,*,#1813,.F.);
#4154 = PLANE('',#4155);
#4155 = AXIS2_PLACEMENT_3D('',#4156,#4157,#4158);
#4156 = CARTESIAN_POINT('',(-11.25,8.,-6.));
#4157 = DIRECTION('',(-0.,1.,0.));
#4158 = DIRECTION('',(0.,0.,1.));
#4159 = ADVANCED_FACE('',(#4160),#4185,.F.);
#4160 = FACE_BOUND('',#4161,.F.);
#4161 = EDGE_LOOP('',(#4162,#4170,#4178,#4184));
#4162 = ORIENTED_EDGE('',*,*,#4163,.F.);
#4163 = EDGE_CURVE('',#4164,#1838,#4166,.T.);
#4164 = VERTEX_POINT('',#4165);
#4165 = CARTESIAN_POINT('',(11.25,-8.,-3.));
#4166 = LINE('',#4167,#4168);
#4167 = CARTESIAN_POINT('',(11.25,-8.,-6.));
#4168 = VECTOR('',#4169,1.);
#4169 = DIRECTION('',(0.,0.,1.));
#4170 = ORIENTED_EDGE('',*,*,#4171,.T.);
#4171 = EDGE_CURVE('',#4164,#4172,#4174,.T.);
#4172 = VERTEX_POINT('',#4173);
#4173 = CARTESIAN_POINT('',(11.25,8.,-3.));
#4174 = LINE('',#4175,#4176);
#4175 = CARTESIAN_POINT('',(11.25,-20.8,-3.));
#4176 = VECTOR('',#4177,1.);
#4177 = DIRECTION('',(-0.,1.,0.));
#4178 = ORIENTED_EDGE('',*,*,#4179,.T.);
#4179 = EDGE_CURVE('',#4172,#1840,#4180,.T.);
#4180 = LINE('',#4181,#4182);
#4181 = CARTESIAN_POINT('',(11.25,8.,-6.));
#4182 = VECTOR('',#4183,1.);
#4183 = DIRECTION('',(0.,0.,1.));
#4184 = ORIENTED_EDGE('',*,*,#1837,.F.);
#4185 = PLANE('',#4186);
#4186 = AXIS2_PLACEMENT_3D('',#4187,#4188,#4189);
#4187 = CARTESIAN_POINT('',(11.25,-8.,-6.));
#4188 = DIRECTION('',(1.,0.,-0.));
#4189 = DIRECTION('',(0.,0.,1.));
#4190 = ADVANCED_FACE('',(#4191),#4209,.F.);
#4191 = FACE_BOUND('',#4192,.F.);
#4192 = EDGE_LOOP('',(#4193,#4194,#4202,#4208));
#4193 = ORIENTED_EDGE('',*,*,#4179,.F.);
#4194 = ORIENTED_EDGE('',*,*,#4195,.T.);
#4195 = EDGE_CURVE('',#4172,#4196,#4198,.T.);
#4196 = VERTEX_POINT('',#4197);
#4197 = CARTESIAN_POINT('',(8.75,8.,-3.));
#4198 = LINE('',#4199,#4200);
#4199 = CARTESIAN_POINT('',(-10.425,8.,-3.));
#4200 = VECTOR('',#4201,1.);
#4201 = DIRECTION('',(-1.,-0.,0.));
#4202 = ORIENTED_EDGE('',*,*,#4203,.T.);
#4203 = EDGE_CURVE('',#4196,#1856,#4204,.T.);
#4204 = LINE('',#4205,#4206);
#4205 = CARTESIAN_POINT('',(8.75,8.,-6.));
#4206 = VECTOR('',#4207,1.);
#4207 = DIRECTION('',(0.,0.,1.));
#4208 = ORIENTED_EDGE('',*,*,#1863,.F.);
#4209 = PLANE('',#4210);
#4210 = AXIS2_PLACEMENT_3D('',#4211,#4212,#4213);
#4211 = CARTESIAN_POINT('',(8.75,8.,-6.));
#4212 = DIRECTION('',(-0.,1.,0.));
#4213 = DIRECTION('',(0.,0.,1.));
#4214 = ADVANCED_FACE('',(#4215),#4233,.T.);
#4215 = FACE_BOUND('',#4216,.T.);
#4216 = EDGE_LOOP('',(#4217,#4225,#4231,#4232));
#4217 = ORIENTED_EDGE('',*,*,#4218,.F.);
#4218 = EDGE_CURVE('',#4219,#1848,#4221,.T.);
#4219 = VERTEX_POINT('',#4220);
#4220 = CARTESIAN_POINT('',(8.75,-8.,-3.));
#4221 = LINE('',#4222,#4223);
#4222 = CARTESIAN_POINT('',(8.75,-8.,-6.));
#4223 = VECTOR('',#4224,1.);
#4224 = DIRECTION('',(0.,0.,1.));
#4225 = ORIENTED_EDGE('',*,*,#4226,.T.);
#4226 = EDGE_CURVE('',#4219,#4196,#4227,.T.);
#4227 = LINE('',#4228,#4229);
#4228 = CARTESIAN_POINT('',(8.75,-20.8,-3.));
#4229 = VECTOR('',#4230,1.);
#4230 = DIRECTION('',(-0.,1.,0.));
#4231 = ORIENTED_EDGE('',*,*,#4203,.T.);
#4232 = ORIENTED_EDGE('',*,*,#1855,.F.);
#4233 = PLANE('',#4234);
#4234 = AXIS2_PLACEMENT_3D('',#4235,#4236,#4237);
#4235 = CARTESIAN_POINT('',(8.75,-8.,-6.));
#4236 = DIRECTION('',(1.,0.,-0.));
#4237 = DIRECTION('',(0.,0.,1.));
#4238 = ADVANCED_FACE('',(#4239),#4250,.T.);
#4239 = FACE_BOUND('',#4240,.T.);
#4240 = EDGE_LOOP('',(#4241,#4242,#4248,#4249));
#4241 = ORIENTED_EDGE('',*,*,#4163,.F.);
#4242 = ORIENTED_EDGE('',*,*,#4243,.T.);
#4243 = EDGE_CURVE('',#4164,#4219,#4244,.T.);
#4244 = LINE('',#4245,#4246);
#4245 = CARTESIAN_POINT('',(-10.425,-8.,-3.));
#4246 = VECTOR('',#4247,1.);
#4247 = DIRECTION('',(-1.,-0.,0.));
#4248 = ORIENTED_EDGE('',*,*,#4218,.T.);
#4249 = ORIENTED_EDGE('',*,*,#1847,.F.);
#4250 = PLANE('',#4251);
#4251 = AXIS2_PLACEMENT_3D('',#4252,#4253,#4254);
#4252 = CARTESIAN_POINT('',(8.75,-8.,-6.));
#4253 = DIRECTION('',(-0.,1.,0.));
#4254 = DIRECTION('',(0.,0.,1.));
#4255 = ADVANCED_FACE('',(#4256),#4315,.F.);
#4256 = FACE_BOUND('',#4257,.F.);
#4257 = EDGE_LOOP('',(#4258,#4259,#4267,#4276,#4285,#4294,#4303,#4310,
    #4311,#4312,#4313,#4314));
#4258 = ORIENTED_EDGE('',*,*,#1900,.F.);
#4259 = ORIENTED_EDGE('',*,*,#4260,.F.);
#4260 = EDGE_CURVE('',#4261,#1901,#4263,.T.);
#4261 = VERTEX_POINT('',#4262);
#4262 = CARTESIAN_POINT('',(4.5,-15.,-3.));
#4263 = LINE('',#4264,#4265);
#4264 = CARTESIAN_POINT('',(4.5,-15.,-6.));
#4265 = VECTOR('',#4266,1.);
#4266 = DIRECTION('',(0.,0.,1.));
#4267 = ORIENTED_EDGE('',*,*,#4268,.T.);
#4268 = EDGE_CURVE('',#4261,#4269,#4271,.T.);
#4269 = VERTEX_POINT('',#4270);
#4270 = CARTESIAN_POINT('',(4.204925119628,-13.39731327505,-3.));
#4271 = CIRCLE('',#4272,4.5);
#4272 = AXIS2_PLACEMENT_3D('',#4273,#4274,#4275);
#4273 = CARTESIAN_POINT('',(0.,-15.,-3.));
#4274 = DIRECTION('',(0.,0.,1.));
#4275 = DIRECTION('',(1.,0.,-0.));
#4276 = ORIENTED_EDGE('',*,*,#4277,.T.);
#4277 = EDGE_CURVE('',#4269,#4278,#4280,.T.);
#4278 = VERTEX_POINT('',#4279);
#4279 = CARTESIAN_POINT('',(1.602686724947,-10.79507488037,-3.));
#4280 = CIRCLE('',#4281,4.5);
#4281 = AXIS2_PLACEMENT_3D('',#4282,#4283,#4284);
#4282 = CARTESIAN_POINT('',(0.,-15.,-3.));
#4283 = DIRECTION('',(0.,0.,1.));
#4284 = DIRECTION('',(1.,0.,-0.));
#4285 = ORIENTED_EDGE('',*,*,#4286,.T.);
#4286 = EDGE_CURVE('',#4278,#4287,#4289,.T.);
#4287 = VERTEX_POINT('',#4288);
#4288 = CARTESIAN_POINT('',(-1.602686724947,-10.79507488037,-3.));
#4289 = CIRCLE('',#4290,4.5);
#4290 = AXIS2_PLACEMENT_3D('',#4291,#4292,#4293);
#4291 = CARTESIAN_POINT('',(0.,-15.,-3.));
#4292 = DIRECTION('',(0.,0.,1.));
#4293 = DIRECTION('',(1.,0.,-0.));
#4294 = ORIENTED_EDGE('',*,*,#4295,.T.);
#4295 = EDGE_CURVE('',#4287,#4296,#4298,.T.);
#4296 = VERTEX_POINT('',#4297);
#4297 = CARTESIAN_POINT('',(-4.204925119628,-13.39731327505,-3.));
#4298 = CIRCLE('',#4299,4.5);
#4299 = AXIS2_PLACEMENT_3D('',#4300,#4301,#4302);
#4300 = CARTESIAN_POINT('',(0.,-15.,-3.));
#4301 = DIRECTION('',(0.,0.,1.));
#4302 = DIRECTION('',(1.,0.,-0.));
#4303 = ORIENTED_EDGE('',*,*,#4304,.T.);
#4304 = EDGE_CURVE('',#4296,#4261,#4305,.T.);
#4305 = CIRCLE('',#4306,4.5);
#4306 = AXIS2_PLACEMENT_3D('',#4307,#4308,#4309);
#4307 = CARTESIAN_POINT('',(0.,-15.,-3.));
#4308 = DIRECTION('',(0.,0.,1.));
#4309 = DIRECTION('',(1.,0.,-0.));
#4310 = ORIENTED_EDGE('',*,*,#4260,.T.);
#4311 = ORIENTED_EDGE('',*,*,#1909,.F.);
#4312 = ORIENTED_EDGE('',*,*,#1871,.F.);
#4313 = ORIENTED_EDGE('',*,*,#1882,.F.);
#4314 = ORIENTED_EDGE('',*,*,#1891,.F.);
#4315 = CYLINDRICAL_SURFACE('',#4316,4.5);
#4316 = AXIS2_PLACEMENT_3D('',#4317,#4318,#4319);
#4317 = CARTESIAN_POINT('',(0.,-15.,-6.));
#4318 = DIRECTION('',(0.,0.,1.));
#4319 = DIRECTION('',(1.,0.,-0.));
#4320 = ADVANCED_FACE('',(#4321),#4380,.F.);
#4321 = FACE_BOUND('',#4322,.F.);
#4322 = EDGE_LOOP('',(#4323,#4324,#4332,#4341,#4350,#4359,#4368,#4375,
    #4376,#4377,#4378,#4379));
#4323 = ORIENTED_EDGE('',*,*,#1929,.F.);
#4324 = ORIENTED_EDGE('',*,*,#4325,.F.);
#4325 = EDGE_CURVE('',#4326,#1930,#4328,.T.);
#4326 = VERTEX_POINT('',#4327);
#4327 = CARTESIAN_POINT('',(4.5,15.,-3.));
#4328 = LINE('',#4329,#4330);
#4329 = CARTESIAN_POINT('',(4.5,15.,-6.));
#4330 = VECTOR('',#4331,1.);
#4331 = DIRECTION('',(0.,0.,1.));
#4332 = ORIENTED_EDGE('',*,*,#4333,.T.);
#4333 = EDGE_CURVE('',#4326,#4334,#4336,.T.);
#4334 = VERTEX_POINT('',#4335);
#4335 = CARTESIAN_POINT('',(-4.204925119628,13.397313275053,-3.));
#4336 = CIRCLE('',#4337,4.5);
#4337 = AXIS2_PLACEMENT_3D('',#4338,#4339,#4340);
#4338 = CARTESIAN_POINT('',(0.,15.,-3.));
#4339 = DIRECTION('',(0.,0.,1.));
#4340 = DIRECTION('',(1.,0.,-0.));
#4341 = ORIENTED_EDGE('',*,*,#4342,.T.);
#4342 = EDGE_CURVE('',#4334,#4343,#4345,.T.);
#4343 = VERTEX_POINT('',#4344);
#4344 = CARTESIAN_POINT('',(-1.602686724947,10.795074880372,-3.));
#4345 = CIRCLE('',#4346,4.5);
#4346 = AXIS2_PLACEMENT_3D('',#4347,#4348,#4349);
#4347 = CARTESIAN_POINT('',(0.,15.,-3.));
#4348 = DIRECTION('',(0.,0.,1.));
#4349 = DIRECTION('',(1.,0.,-0.));
#4350 = ORIENTED_EDGE('',*,*,#4351,.T.);
#4351 = EDGE_CURVE('',#4343,#4352,#4354,.T.);
#4352 = VERTEX_POINT('',#4353);
#4353 = CARTESIAN_POINT('',(1.602686724947,10.795074880372,-3.));
#4354 = CIRCLE('',#4355,4.5);
#4355 = AXIS2_PLACEMENT_3D('',#4356,#4357,#4358);
#4356 = CARTESIAN_POINT('',(0.,15.,-3.));
#4357 = DIRECTION('',(0.,0.,1.));
#4358 = DIRECTION('',(1.,0.,-0.));
#4359 = ORIENTED_EDGE('',*,*,#4360,.T.);
#4360 = EDGE_CURVE('',#4352,#4361,#4363,.T.);
#4361 = VERTEX_POINT('',#4362);
#4362 = CARTESIAN_POINT('',(4.204925119628,13.397313275053,-3.));
#4363 = CIRCLE('',#4364,4.5);
#4364 = AXIS2_PLACEMENT_3D('',#4365,#4366,#4367);
#4365 = CARTESIAN_POINT('',(0.,15.,-3.));
#4366 = DIRECTION('',(0.,0.,1.));
#4367 = DIRECTION('',(1.,0.,-0.));
#4368 = ORIENTED_EDGE('',*,*,#4369,.T.);
#4369 = EDGE_CURVE('',#4361,#4326,#4370,.T.);
#4370 = CIRCLE('',#4371,4.5);
#4371 = AXIS2_PLACEMENT_3D('',#4372,#4373,#4374);
#4372 = CARTESIAN_POINT('',(0.,15.,-3.));
#4373 = DIRECTION('',(0.,0.,1.));
#4374 = DIRECTION('',(1.,0.,-0.));
#4375 = ORIENTED_EDGE('',*,*,#4325,.T.);
#4376 = ORIENTED_EDGE('',*,*,#1938,.F.);
#4377 = ORIENTED_EDGE('',*,*,#1947,.F.);
#4378 = ORIENTED_EDGE('',*,*,#1956,.F.);
#4379 = ORIENTED_EDGE('',*,*,#1918,.F.);
#4380 = CYLINDRICAL_SURFACE('',#4381,4.5);
#4381 = AXIS2_PLACEMENT_3D('',#4382,#4383,#4384);
#4382 = CARTESIAN_POINT('',(0.,15.,-6.));
#4383 = DIRECTION('',(0.,0.,1.));
#4384 = DIRECTION('',(1.,0.,-0.));
#4385 = ADVANCED_FACE('',(#4386),#4405,.F.);
#4386 = FACE_BOUND('',#4387,.F.);
#4387 = EDGE_LOOP('',(#4388,#4389,#4397,#4404));
#4388 = ORIENTED_EDGE('',*,*,#1965,.F.);
#4389 = ORIENTED_EDGE('',*,*,#4390,.F.);
#4390 = EDGE_CURVE('',#4391,#1966,#4393,.T.);
#4391 = VERTEX_POINT('',#4392);
#4392 = CARTESIAN_POINT('',(-17.5,-7.347880794884E-16,-3.));
#4393 = LINE('',#4394,#4395);
#4394 = CARTESIAN_POINT('',(-17.5,-7.347880794884E-16,-6.));
#4395 = VECTOR('',#4396,1.);
#4396 = DIRECTION('',(0.,0.,1.));
#4397 = ORIENTED_EDGE('',*,*,#4398,.T.);
#4398 = EDGE_CURVE('',#4391,#4391,#4399,.T.);
#4399 = CIRCLE('',#4400,3.);
#4400 = AXIS2_PLACEMENT_3D('',#4401,#4402,#4403);
#4401 = CARTESIAN_POINT('',(-20.5,0.,-3.));
#4402 = DIRECTION('',(0.,0.,1.));
#4403 = DIRECTION('',(1.,0.,-0.));
#4404 = ORIENTED_EDGE('',*,*,#4390,.T.);
#4405 = CYLINDRICAL_SURFACE('',#4406,3.);
#4406 = AXIS2_PLACEMENT_3D('',#4407,#4408,#4409);
#4407 = CARTESIAN_POINT('',(-20.5,0.,-6.));
#4408 = DIRECTION('',(0.,0.,1.));
#4409 = DIRECTION('',(1.,0.,-0.));
#4410 = ADVANCED_FACE('',(#4411),#4430,.F.);
#4411 = FACE_BOUND('',#4412,.F.);
#4412 = EDGE_LOOP('',(#4413,#4414,#4422,#4429));
#4413 = ORIENTED_EDGE('',*,*,#1976,.F.);
#4414 = ORIENTED_EDGE('',*,*,#4415,.F.);
#4415 = EDGE_CURVE('',#4416,#1977,#4418,.T.);
#4416 = VERTEX_POINT('',#4417);
#4417 = CARTESIAN_POINT('',(23.5,-7.347880794884E-16,-3.));
#4418 = LINE('',#4419,#4420);
#4419 = CARTESIAN_POINT('',(23.5,-7.347880794884E-16,-6.));
#4420 = VECTOR('',#4421,1.);
#4421 = DIRECTION('',(0.,0.,1.));
#4422 = ORIENTED_EDGE('',*,*,#4423,.T.);
#4423 = EDGE_CURVE('',#4416,#4416,#4424,.T.);
#4424 = CIRCLE('',#4425,3.);
#4425 = AXIS2_PLACEMENT_3D('',#4426,#4427,#4428);
#4426 = CARTESIAN_POINT('',(20.5,0.,-3.));
#4427 = DIRECTION('',(0.,0.,1.));
#4428 = DIRECTION('',(1.,0.,-0.));
#4429 = ORIENTED_EDGE('',*,*,#4415,.T.);
#4430 = CYLINDRICAL_SURFACE('',#4431,3.);
#4431 = AXIS2_PLACEMENT_3D('',#4432,#4433,#4434);
#4432 = CARTESIAN_POINT('',(20.5,0.,-6.));
#4433 = DIRECTION('',(0.,0.,1.));
#4434 = DIRECTION('',(1.,0.,-0.));
#4435 = ADVANCED_FACE('',(#4436),#4455,.F.);
#4436 = FACE_BOUND('',#4437,.F.);
#4437 = EDGE_LOOP('',(#4438,#4439,#4447,#4454));
#4438 = ORIENTED_EDGE('',*,*,#1987,.F.);
#4439 = ORIENTED_EDGE('',*,*,#4440,.F.);
#4440 = EDGE_CURVE('',#4441,#1988,#4443,.T.);
#4441 = VERTEX_POINT('',#4442);
#4442 = CARTESIAN_POINT('',(-17.9,-19.5,-3.));
#4443 = LINE('',#4444,#4445);
#4444 = CARTESIAN_POINT('',(-17.9,-19.5,-6.));
#4445 = VECTOR('',#4446,1.);
#4446 = DIRECTION('',(0.,0.,1.));
#4447 = ORIENTED_EDGE('',*,*,#4448,.T.);
#4448 = EDGE_CURVE('',#4441,#4441,#4449,.T.);
#4449 = CIRCLE('',#4450,1.6);
#4450 = AXIS2_PLACEMENT_3D('',#4451,#4452,#4453);
#4451 = CARTESIAN_POINT('',(-19.5,-19.5,-3.));
#4452 = DIRECTION('',(0.,0.,1.));
#4453 = DIRECTION('',(1.,0.,-0.));
#4454 = ORIENTED_EDGE('',*,*,#4440,.T.);
#4455 = CYLINDRICAL_SURFACE('',#4456,1.6);
#4456 = AXIS2_PLACEMENT_3D('',#4457,#4458,#4459);
#4457 = CARTESIAN_POINT('',(-19.5,-19.5,-6.));
#4458 = DIRECTION('',(0.,0.,1.));
#4459 = DIRECTION('',(1.,0.,-0.));
#4460 = ADVANCED_FACE('',(#4461),#4480,.F.);
#4461 = FACE_BOUND('',#4462,.F.);
#4462 = EDGE_LOOP('',(#4463,#4464,#4472,#4479));
#4463 = ORIENTED_EDGE('',*,*,#1998,.F.);
#4464 = ORIENTED_EDGE('',*,*,#4465,.F.);
#4465 = EDGE_CURVE('',#4466,#1999,#4468,.T.);
#4466 = VERTEX_POINT('',#4467);
#4467 = CARTESIAN_POINT('',(-17.9,19.5,-3.));
#4468 = LINE('',#4469,#4470);
#4469 = CARTESIAN_POINT('',(-17.9,19.5,-6.));
#4470 = VECTOR('',#4471,1.);
#4471 = DIRECTION('',(0.,0.,1.));
#4472 = ORIENTED_EDGE('',*,*,#4473,.T.);
#4473 = EDGE_CURVE('',#4466,#4466,#4474,.T.);
#4474 = CIRCLE('',#4475,1.6);
#4475 = AXIS2_PLACEMENT_3D('',#4476,#4477,#4478);
#4476 = CARTESIAN_POINT('',(-19.5,19.5,-3.));
#4477 = DIRECTION('',(0.,0.,1.));
#4478 = DIRECTION('',(1.,0.,-0.));
#4479 = ORIENTED_EDGE('',*,*,#4465,.T.);
#4480 = CYLINDRICAL_SURFACE('',#4481,1.6);
#4481 = AXIS2_PLACEMENT_3D('',#4482,#4483,#4484);
#4482 = CARTESIAN_POINT('',(-19.5,19.5,-6.));
#4483 = DIRECTION('',(0.,0.,1.));
#4484 = DIRECTION('',(1.,0.,-0.));
#4485 = ADVANCED_FACE('',(#4486),#4505,.F.);
#4486 = FACE_BOUND('',#4487,.F.);
#4487 = EDGE_LOOP('',(#4488,#4489,#4497,#4504));
#4488 = ORIENTED_EDGE('',*,*,#2009,.F.);
#4489 = ORIENTED_EDGE('',*,*,#4490,.F.);
#4490 = EDGE_CURVE('',#4491,#2010,#4493,.T.);
#4491 = VERTEX_POINT('',#4492);
#4492 = CARTESIAN_POINT('',(21.1,19.5,-3.));
#4493 = LINE('',#4494,#4495);
#4494 = CARTESIAN_POINT('',(21.1,19.5,-6.));
#4495 = VECTOR('',#4496,1.);
#4496 = DIRECTION('',(0.,0.,1.));
#4497 = ORIENTED_EDGE('',*,*,#4498,.T.);
#4498 = EDGE_CURVE('',#4491,#4491,#4499,.T.);
#4499 = CIRCLE('',#4500,1.6);
#4500 = AXIS2_PLACEMENT_3D('',#4501,#4502,#4503);
#4501 = CARTESIAN_POINT('',(19.5,19.5,-3.));
#4502 = DIRECTION('',(0.,0.,1.));
#4503 = DIRECTION('',(1.,0.,-0.));
#4504 = ORIENTED_EDGE('',*,*,#4490,.T.);
#4505 = CYLINDRICAL_SURFACE('',#4506,1.6);
#4506 = AXIS2_PLACEMENT_3D('',#4507,#4508,#4509);
#4507 = CARTESIAN_POINT('',(19.5,19.5,-6.));
#4508 = DIRECTION('',(0.,0.,1.));
#4509 = DIRECTION('',(1.,0.,-0.));
#4510 = ADVANCED_FACE('',(#4511),#4530,.F.);
#4511 = FACE_BOUND('',#4512,.F.);
#4512 = EDGE_LOOP('',(#4513,#4514,#4522,#4529));
#4513 = ORIENTED_EDGE('',*,*,#2020,.F.);
#4514 = ORIENTED_EDGE('',*,*,#4515,.F.);
#4515 = EDGE_CURVE('',#4516,#2021,#4518,.T.);
#4516 = VERTEX_POINT('',#4517);
#4517 = CARTESIAN_POINT('',(21.1,-19.5,-3.));
#4518 = LINE('',#4519,#4520);
#4519 = CARTESIAN_POINT('',(21.1,-19.5,-6.));
#4520 = VECTOR('',#4521,1.);
#4521 = DIRECTION('',(0.,0.,1.));
#4522 = ORIENTED_EDGE('',*,*,#4523,.T.);
#4523 = EDGE_CURVE('',#4516,#4516,#4524,.T.);
#4524 = CIRCLE('',#4525,1.6);
#4525 = AXIS2_PLACEMENT_3D('',#4526,#4527,#4528);
#4526 = CARTESIAN_POINT('',(19.5,-19.5,-3.));
#4527 = DIRECTION('',(0.,0.,1.));
#4528 = DIRECTION('',(1.,0.,-0.));
#4529 = ORIENTED_EDGE('',*,*,#4515,.T.);
#4530 = CYLINDRICAL_SURFACE('',#4531,1.6);
#4531 = AXIS2_PLACEMENT_3D('',#4532,#4533,#4534);
#4532 = CARTESIAN_POINT('',(19.5,-19.5,-6.));
#4533 = DIRECTION('',(0.,0.,1.));
#4534 = DIRECTION('',(1.,0.,-0.));
#4535 = ADVANCED_FACE('',(#4536),#4555,.F.);
#4536 = FACE_BOUND('',#4537,.F.);
#4537 = EDGE_LOOP('',(#4538,#4539,#4547,#4554));
#4538 = ORIENTED_EDGE('',*,*,#2031,.F.);
#4539 = ORIENTED_EDGE('',*,*,#4540,.F.);
#4540 = EDGE_CURVE('',#4541,#2032,#4543,.T.);
#4541 = VERTEX_POINT('',#4542);
#4542 = CARTESIAN_POINT('',(-4.4,24.5,-3.));
#4543 = LINE('',#4544,#4545);
#4544 = CARTESIAN_POINT('',(-4.4,24.5,-6.));
#4545 = VECTOR('',#4546,1.);
#4546 = DIRECTION('',(0.,0.,1.));
#4547 = ORIENTED_EDGE('',*,*,#4548,.T.);
#4548 = EDGE_CURVE('',#4541,#4541,#4549,.T.);
#4549 = CIRCLE('',#4550,1.6);
#4550 = AXIS2_PLACEMENT_3D('',#4551,#4552,#4553);
#4551 = CARTESIAN_POINT('',(-6.,24.5,-3.));
#4552 = DIRECTION('',(0.,0.,1.));
#4553 = DIRECTION('',(1.,0.,-0.));
#4554 = ORIENTED_EDGE('',*,*,#4540,.T.);
#4555 = CYLINDRICAL_SURFACE('',#4556,1.6);
#4556 = AXIS2_PLACEMENT_3D('',#4557,#4558,#4559);
#4557 = CARTESIAN_POINT('',(-6.,24.5,-6.));
#4558 = DIRECTION('',(0.,0.,1.));
#4559 = DIRECTION('',(1.,0.,-0.));
#4560 = ADVANCED_FACE('',(#4561),#4580,.F.);
#4561 = FACE_BOUND('',#4562,.F.);
#4562 = EDGE_LOOP('',(#4563,#4564,#4572,#4579));
#4563 = ORIENTED_EDGE('',*,*,#2042,.F.);
#4564 = ORIENTED_EDGE('',*,*,#4565,.F.);
#4565 = EDGE_CURVE('',#4566,#2043,#4568,.T.);
#4566 = VERTEX_POINT('',#4567);
#4567 = CARTESIAN_POINT('',(7.6,24.5,-3.));
#4568 = LINE('',#4569,#4570);
#4569 = CARTESIAN_POINT('',(7.6,24.5,-6.));
#4570 = VECTOR('',#4571,1.);
#4571 = DIRECTION('',(0.,0.,1.));
#4572 = ORIENTED_EDGE('',*,*,#4573,.T.);
#4573 = EDGE_CURVE('',#4566,#4566,#4574,.T.);
#4574 = CIRCLE('',#4575,1.6);
#4575 = AXIS2_PLACEMENT_3D('',#4576,#4577,#4578);
#4576 = CARTESIAN_POINT('',(6.,24.5,-3.));
#4577 = DIRECTION('',(0.,0.,1.));
#4578 = DIRECTION('',(1.,0.,-0.));
#4579 = ORIENTED_EDGE('',*,*,#4565,.T.);
#4580 = CYLINDRICAL_SURFACE('',#4581,1.6);
#4581 = AXIS2_PLACEMENT_3D('',#4582,#4583,#4584);
#4582 = CARTESIAN_POINT('',(6.,24.5,-6.));
#4583 = DIRECTION('',(0.,0.,1.));
#4584 = DIRECTION('',(1.,0.,-0.));
#4585 = ADVANCED_FACE('',(#4586,#4600,#4606,#4612,#4619,#4626,#4629,
    #4632,#4635,#4638,#4641,#4644,#4647),#4650,.T.);
#4586 = FACE_BOUND('',#4587,.T.);
#4587 = EDGE_LOOP('',(#4588,#4589,#4590,#4591,#4592,#4593,#4594,#4595,
    #4596,#4597,#4598,#4599));
#4588 = ORIENTED_EDGE('',*,*,#148,.T.);
#4589 = ORIENTED_EDGE('',*,*,#210,.T.);
#4590 = ORIENTED_EDGE('',*,*,#287,.T.);
#4591 = ORIENTED_EDGE('',*,*,#311,.T.);
#4592 = ORIENTED_EDGE('',*,*,#473,.T.);
#4593 = ORIENTED_EDGE('',*,*,#560,.T.);
#4594 = ORIENTED_EDGE('',*,*,#583,.F.);
#4595 = ORIENTED_EDGE('',*,*,#658,.F.);
#4596 = ORIENTED_EDGE('',*,*,#398,.F.);
#4597 = ORIENTED_EDGE('',*,*,#420,.F.);
#4598 = ORIENTED_EDGE('',*,*,#69,.F.);
#4599 = ORIENTED_EDGE('',*,*,#116,.F.);
#4600 = FACE_BOUND('',#4601,.T.);
#4601 = EDGE_LOOP('',(#4602,#4603,#4604,#4605));
#4602 = ORIENTED_EDGE('',*,*,#4075,.F.);
#4603 = ORIENTED_EDGE('',*,*,#4106,.F.);
#4604 = ORIENTED_EDGE('',*,*,#4123,.T.);
#4605 = ORIENTED_EDGE('',*,*,#4147,.T.);
#4606 = FACE_BOUND('',#4607,.T.);
#4607 = EDGE_LOOP('',(#4608,#4609,#4610,#4611));
#4608 = ORIENTED_EDGE('',*,*,#4171,.T.);
#4609 = ORIENTED_EDGE('',*,*,#4195,.T.);
#4610 = ORIENTED_EDGE('',*,*,#4226,.F.);
#4611 = ORIENTED_EDGE('',*,*,#4243,.F.);
#4612 = FACE_BOUND('',#4613,.T.);
#4613 = EDGE_LOOP('',(#4614,#4615,#4616,#4617,#4618));
#4614 = ORIENTED_EDGE('',*,*,#4342,.T.);
#4615 = ORIENTED_EDGE('',*,*,#4351,.T.);
#4616 = ORIENTED_EDGE('',*,*,#4360,.T.);
#4617 = ORIENTED_EDGE('',*,*,#4369,.T.);
#4618 = ORIENTED_EDGE('',*,*,#4333,.T.);
#4619 = FACE_BOUND('',#4620,.T.);
#4620 = EDGE_LOOP('',(#4621,#4622,#4623,#4624,#4625));
#4621 = ORIENTED_EDGE('',*,*,#4277,.T.);
#4622 = ORIENTED_EDGE('',*,*,#4286,.T.);
#4623 = ORIENTED_EDGE('',*,*,#4295,.T.);
#4624 = ORIENTED_EDGE('',*,*,#4304,.T.);
#4625 = ORIENTED_EDGE('',*,*,#4268,.T.);
#4626 = FACE_BOUND('',#4627,.T.);
#4627 = EDGE_LOOP('',(#4628));
#4628 = ORIENTED_EDGE('',*,*,#4398,.T.);
#4629 = FACE_BOUND('',#4630,.T.);
#4630 = EDGE_LOOP('',(#4631));
#4631 = ORIENTED_EDGE('',*,*,#4423,.T.);
#4632 = FACE_BOUND('',#4633,.T.);
#4633 = EDGE_LOOP('',(#4634));
#4634 = ORIENTED_EDGE('',*,*,#4448,.T.);
#4635 = FACE_BOUND('',#4636,.T.);
#4636 = EDGE_LOOP('',(#4637));
#4637 = ORIENTED_EDGE('',*,*,#4523,.T.);
#4638 = FACE_BOUND('',#4639,.T.);
#4639 = EDGE_LOOP('',(#4640));
#4640 = ORIENTED_EDGE('',*,*,#4473,.T.);
#4641 = FACE_BOUND('',#4642,.T.);
#4642 = EDGE_LOOP('',(#4643));
#4643 = ORIENTED_EDGE('',*,*,#4498,.T.);
#4644 = FACE_BOUND('',#4645,.T.);
#4645 = EDGE_LOOP('',(#4646));
#4646 = ORIENTED_EDGE('',*,*,#4548,.T.);
#4647 = FACE_BOUND('',#4648,.T.);
#4648 = EDGE_LOOP('',(#4649));
#4649 = ORIENTED_EDGE('',*,*,#4573,.T.);
#4650 = PLANE('',#4651);
#4651 = AXIS2_PLACEMENT_3D('',#4652,#4653,#4654);
#4652 = CARTESIAN_POINT('',(8.852276608307E-16,-3.,-3.));
#4653 = DIRECTION('',(-0.,-0.,-1.));
#4654 = DIRECTION('',(-1.,0.,0.));
#4655 = ADVANCED_FACE('',(#4656,#4678),#4779,.T.);
#4656 = FACE_BOUND('',#4657,.T.);
#4657 = EDGE_LOOP('',(#4658,#4659,#4668,#4675,#4676,#4677));
#4658 = ORIENTED_EDGE('',*,*,#21,.T.);
#4659 = ORIENTED_EDGE('',*,*,#4660,.F.);
#4660 = EDGE_CURVE('',#4661,#24,#4663,.T.);
#4661 = VERTEX_POINT('',#4662);
#4662 = CARTESIAN_POINT('',(-52.,-63.,-5.));
#4663 = CIRCLE('',#4664,11.);
#4664 = AXIS2_PLACEMENT_3D('',#4665,#4666,#4667);
#4665 = CARTESIAN_POINT('',(-63.,-63.,-5.));
#4666 = DIRECTION('',(0.,0.,1.));
#4667 = DIRECTION('',(1.,0.,-0.));
#4668 = ORIENTED_EDGE('',*,*,#4669,.F.);
#4669 = EDGE_CURVE('',#163,#4661,#4670,.T.);
#4670 = CIRCLE('',#4671,11.);
#4671 = AXIS2_PLACEMENT_3D('',#4672,#4673,#4674);
#4672 = CARTESIAN_POINT('',(-63.,-63.,-5.));
#4673 = DIRECTION('',(0.,0.,1.));
#4674 = DIRECTION('',(1.,0.,-0.));
#4675 = ORIENTED_EDGE('',*,*,#162,.F.);
#4676 = ORIENTED_EDGE('',*,*,#132,.F.);
#4677 = ORIENTED_EDGE('',*,*,#100,.F.);
#4678 = FACE_BOUND('',#4679,.T.);
#4679 = EDGE_LOOP('',(#4680,#4681,#4682,#4691,#4698,#4699,#4700,#4709,
    #4716,#4717,#4718,#4719,#4720,#4721,#4730,#4737,#4738,#4739,#4740,
    #4741,#4742,#4751,#4758,#4759,#4760,#4761,#4762,#4763,#4772));
#4680 = ORIENTED_EDGE('',*,*,#2059,.T.);
#4681 = ORIENTED_EDGE('',*,*,#2092,.T.);
#4682 = ORIENTED_EDGE('',*,*,#4683,.T.);
#4683 = EDGE_CURVE('',#2093,#4684,#4686,.T.);
#4684 = VERTEX_POINT('',#4685);
#4685 = CARTESIAN_POINT('',(-59.5,-63.,-5.));
#4686 = CIRCLE('',#4687,3.5);
#4687 = AXIS2_PLACEMENT_3D('',#4688,#4689,#4690);
#4688 = CARTESIAN_POINT('',(-63.,-63.,-5.));
#4689 = DIRECTION('',(0.,0.,1.));
#4690 = DIRECTION('',(1.,0.,-0.));
#4691 = ORIENTED_EDGE('',*,*,#4692,.T.);
#4692 = EDGE_CURVE('',#4684,#2507,#4693,.T.);
#4693 = CIRCLE('',#4694,3.5);
#4694 = AXIS2_PLACEMENT_3D('',#4695,#4696,#4697);
#4695 = CARTESIAN_POINT('',(-63.,-63.,-5.));
#4696 = DIRECTION('',(0.,0.,1.));
#4697 = DIRECTION('',(1.,0.,-0.));
#4698 = ORIENTED_EDGE('',*,*,#2514,.T.);
#4699 = ORIENTED_EDGE('',*,*,#2537,.F.);
#4700 = ORIENTED_EDGE('',*,*,#4701,.T.);
#4701 = EDGE_CURVE('',#2538,#4702,#4704,.T.);
#4702 = VERTEX_POINT('',#4703);
#4703 = CARTESIAN_POINT('',(-57.55527778486,-57.55527778486,-5.));
#4704 = CIRCLE('',#4705,1.1);
#4705 = AXIS2_PLACEMENT_3D('',#4706,#4707,#4708);
#4706 = CARTESIAN_POINT('',(-58.33309524416,-58.33309524416,-5.));
#4707 = DIRECTION('',(0.,0.,1.));
#4708 = DIRECTION('',(0.707106781187,0.707106781187,-0.));
#4709 = ORIENTED_EDGE('',*,*,#4710,.T.);
#4710 = EDGE_CURVE('',#4702,#2376,#4711,.T.);
#4711 = CIRCLE('',#4712,1.1);
#4712 = AXIS2_PLACEMENT_3D('',#4713,#4714,#4715);
#4713 = CARTESIAN_POINT('',(-58.33309524416,-58.33309524416,-5.));
#4714 = DIRECTION('',(0.,0.,1.));
#4715 = DIRECTION('',(0.707106781187,0.707106781187,-0.));
#4716 = ORIENTED_EDGE('',*,*,#2375,.T.);
#4717 = ORIENTED_EDGE('',*,*,#2408,.T.);
#4718 = ORIENTED_EDGE('',*,*,#2431,.T.);
#4719 = ORIENTED_EDGE('',*,*,#2458,.T.);
#4720 = ORIENTED_EDGE('',*,*,#2481,.F.);
#4721 = ORIENTED_EDGE('',*,*,#4722,.T.);
#4722 = EDGE_CURVE('',#2482,#4723,#4725,.T.);
#4723 = VERTEX_POINT('',#4724);
#4724 = CARTESIAN_POINT('',(-68.44472221513,-57.55527778486,-5.));
#4725 = CIRCLE('',#4726,1.1);
#4726 = AXIS2_PLACEMENT_3D('',#4727,#4728,#4729);
#4727 = CARTESIAN_POINT('',(-67.66690475583,-58.33309524416,-5.));
#4728 = DIRECTION('',(0.,0.,1.));
#4729 = DIRECTION('',(-0.707106781187,0.707106781187,0.));
#4730 = ORIENTED_EDGE('',*,*,#4731,.T.);
#4731 = EDGE_CURVE('',#4723,#2246,#4732,.T.);
#4732 = CIRCLE('',#4733,1.1);
#4733 = AXIS2_PLACEMENT_3D('',#4734,#4735,#4736);
#4734 = CARTESIAN_POINT('',(-67.66690475583,-58.33309524416,-5.));
#4735 = DIRECTION('',(0.,0.,1.));
#4736 = DIRECTION('',(-0.707106781187,0.707106781187,0.));
#4737 = ORIENTED_EDGE('',*,*,#2245,.T.);
#4738 = ORIENTED_EDGE('',*,*,#2278,.T.);
#4739 = ORIENTED_EDGE('',*,*,#2301,.T.);
#4740 = ORIENTED_EDGE('',*,*,#2328,.T.);
#4741 = ORIENTED_EDGE('',*,*,#2351,.F.);
#4742 = ORIENTED_EDGE('',*,*,#4743,.T.);
#4743 = EDGE_CURVE('',#2352,#4744,#4746,.T.);
#4744 = VERTEX_POINT('',#4745);
#4745 = CARTESIAN_POINT('',(-68.44472221513,-68.44472221513,-5.));
#4746 = CIRCLE('',#4747,1.1);
#4747 = AXIS2_PLACEMENT_3D('',#4748,#4749,#4750);
#4748 = CARTESIAN_POINT('',(-67.66690475583,-67.66690475583,-5.));
#4749 = DIRECTION('',(0.,0.,1.));
#4750 = DIRECTION('',(-0.707106781187,-0.707106781187,0.));
#4751 = ORIENTED_EDGE('',*,*,#4752,.T.);
#4752 = EDGE_CURVE('',#4744,#2116,#4753,.T.);
#4753 = CIRCLE('',#4754,1.1);
#4754 = AXIS2_PLACEMENT_3D('',#4755,#4756,#4757);
#4755 = CARTESIAN_POINT('',(-67.66690475583,-67.66690475583,-5.));
#4756 = DIRECTION('',(0.,0.,1.));
#4757 = DIRECTION('',(-0.707106781187,-0.707106781187,0.));
#4758 = ORIENTED_EDGE('',*,*,#2115,.T.);
#4759 = ORIENTED_EDGE('',*,*,#2148,.T.);
#4760 = ORIENTED_EDGE('',*,*,#2171,.T.);
#4761 = ORIENTED_EDGE('',*,*,#2198,.T.);
#4762 = ORIENTED_EDGE('',*,*,#2221,.F.);
#4763 = ORIENTED_EDGE('',*,*,#4764,.T.);
#4764 = EDGE_CURVE('',#2222,#4765,#4767,.T.);
#4765 = VERTEX_POINT('',#4766);
#4766 = CARTESIAN_POINT('',(-57.55527778486,-68.44472221513,-5.));
#4767 = CIRCLE('',#4768,1.1);
#4768 = AXIS2_PLACEMENT_3D('',#4769,#4770,#4771);
#4769 = CARTESIAN_POINT('',(-58.33309524416,-67.66690475583,-5.));
#4770 = DIRECTION('',(0.,0.,1.));
#4771 = DIRECTION('',(0.707106781187,-0.707106781187,0.));
#4772 = ORIENTED_EDGE('',*,*,#4773,.T.);
#4773 = EDGE_CURVE('',#4765,#2060,#4774,.T.);
#4774 = CIRCLE('',#4775,1.1);
#4775 = AXIS2_PLACEMENT_3D('',#4776,#4777,#4778);
#4776 = CARTESIAN_POINT('',(-58.33309524416,-67.66690475583,-5.));
#4777 = DIRECTION('',(0.,0.,1.));
#4778 = DIRECTION('',(0.707106781187,-0.707106781187,0.));
#4779 = PLANE('',#4780);
#4780 = AXIS2_PLACEMENT_3D('',#4781,#4782,#4783);
#4781 = CARTESIAN_POINT('',(-47.7346309706,-47.4273510904,-5.));
#4782 = DIRECTION('',(-0.,-0.,-1.));
#4783 = DIRECTION('',(-1.,0.,0.));
#4784 = ADVANCED_FACE('',(#4785,#4807),#4908,.T.);
#4785 = FACE_BOUND('',#4786,.T.);
#4786 = EDGE_LOOP('',(#4787,#4788,#4797,#4804,#4805,#4806));
#4787 = ORIENTED_EDGE('',*,*,#232,.T.);
#4788 = ORIENTED_EDGE('',*,*,#4789,.F.);
#4789 = EDGE_CURVE('',#4790,#235,#4792,.T.);
#4790 = VERTEX_POINT('',#4791);
#4791 = CARTESIAN_POINT('',(-52.,63.,-5.));
#4792 = CIRCLE('',#4793,11.);
#4793 = AXIS2_PLACEMENT_3D('',#4794,#4795,#4796);
#4794 = CARTESIAN_POINT('',(-63.,63.,-5.));
#4795 = DIRECTION('',(0.,0.,1.));
#4796 = DIRECTION('',(1.,0.,-0.));
#4797 = ORIENTED_EDGE('',*,*,#4798,.F.);
#4798 = EDGE_CURVE('',#435,#4790,#4799,.T.);
#4799 = CIRCLE('',#4800,11.);
#4800 = AXIS2_PLACEMENT_3D('',#4801,#4802,#4803);
#4801 = CARTESIAN_POINT('',(-63.,63.,-5.));
#4802 = DIRECTION('',(0.,0.,1.));
#4803 = DIRECTION('',(1.,0.,-0.));
#4804 = ORIENTED_EDGE('',*,*,#434,.F.);
#4805 = ORIENTED_EDGE('',*,*,#302,.T.);
#4806 = ORIENTED_EDGE('',*,*,#271,.F.);
#4807 = FACE_BOUND('',#4808,.T.);
#4808 = EDGE_LOOP('',(#4809,#4810,#4811,#4812,#4813,#4814,#4823,#4830,
    #4831,#4832,#4841,#4848,#4849,#4850,#4859,#4866,#4867,#4868,#4869,
    #4870,#4871,#4880,#4887,#4888,#4889,#4890,#4891,#4892,#4901));
#4809 = ORIENTED_EDGE('',*,*,#2561,.T.);
#4810 = ORIENTED_EDGE('',*,*,#2594,.T.);
#4811 = ORIENTED_EDGE('',*,*,#2617,.T.);
#4812 = ORIENTED_EDGE('',*,*,#2644,.T.);
#4813 = ORIENTED_EDGE('',*,*,#2667,.F.);
#4814 = ORIENTED_EDGE('',*,*,#4815,.T.);
#4815 = EDGE_CURVE('',#2668,#4816,#4818,.T.);
#4816 = VERTEX_POINT('',#4817);
#4817 = CARTESIAN_POINT('',(-57.55527778486,57.555277784864,-5.));
#4818 = CIRCLE('',#4819,1.1);
#4819 = AXIS2_PLACEMENT_3D('',#4820,#4821,#4822);
#4820 = CARTESIAN_POINT('',(-58.33309524416,58.333095244169,-5.));
#4821 = DIRECTION('',(0.,0.,1.));
#4822 = DIRECTION('',(0.707106781187,-0.707106781187,0.));
#4823 = ORIENTED_EDGE('',*,*,#4824,.T.);
#4824 = EDGE_CURVE('',#4816,#3008,#4825,.T.);
#4825 = CIRCLE('',#4826,1.1);
#4826 = AXIS2_PLACEMENT_3D('',#4827,#4828,#4829);
#4827 = CARTESIAN_POINT('',(-58.33309524416,58.333095244169,-5.));
#4828 = DIRECTION('',(0.,0.,1.));
#4829 = DIRECTION('',(0.707106781187,-0.707106781187,0.));
#4830 = ORIENTED_EDGE('',*,*,#3007,.T.);
#4831 = ORIENTED_EDGE('',*,*,#3040,.T.);
#4832 = ORIENTED_EDGE('',*,*,#4833,.T.);
#4833 = EDGE_CURVE('',#3041,#4834,#4836,.T.);
#4834 = VERTEX_POINT('',#4835);
#4835 = CARTESIAN_POINT('',(-59.5,63.,-5.));
#4836 = CIRCLE('',#4837,3.5);
#4837 = AXIS2_PLACEMENT_3D('',#4838,#4839,#4840);
#4838 = CARTESIAN_POINT('',(-63.,63.,-5.));
#4839 = DIRECTION('',(0.,0.,1.));
#4840 = DIRECTION('',(1.,0.,-0.));
#4841 = ORIENTED_EDGE('',*,*,#4842,.T.);
#4842 = EDGE_CURVE('',#4834,#2953,#4843,.T.);
#4843 = CIRCLE('',#4844,3.5);
#4844 = AXIS2_PLACEMENT_3D('',#4845,#4846,#4847);
#4845 = CARTESIAN_POINT('',(-63.,63.,-5.));
#4846 = DIRECTION('',(0.,0.,1.));
#4847 = DIRECTION('',(1.,0.,-0.));
#4848 = ORIENTED_EDGE('',*,*,#2960,.T.);
#4849 = ORIENTED_EDGE('',*,*,#2983,.F.);
#4850 = ORIENTED_EDGE('',*,*,#4851,.T.);
#4851 = EDGE_CURVE('',#2984,#4852,#4854,.T.);
#4852 = VERTEX_POINT('',#4853);
#4853 = CARTESIAN_POINT('',(-57.55527778486,68.444722215136,-5.));
#4854 = CIRCLE('',#4855,1.1);
#4855 = AXIS2_PLACEMENT_3D('',#4856,#4857,#4858);
#4856 = CARTESIAN_POINT('',(-58.33309524416,67.666904755831,-5.));
#4857 = DIRECTION('',(0.,0.,1.));
#4858 = DIRECTION('',(0.707106781187,0.707106781187,-0.));
#4859 = ORIENTED_EDGE('',*,*,#4860,.T.);
#4860 = EDGE_CURVE('',#4852,#2822,#4861,.T.);
#4861 = CIRCLE('',#4862,1.1);
#4862 = AXIS2_PLACEMENT_3D('',#4863,#4864,#4865);
#4863 = CARTESIAN_POINT('',(-58.33309524416,67.666904755831,-5.));
#4864 = DIRECTION('',(0.,0.,1.));
#4865 = DIRECTION('',(0.707106781187,0.707106781187,-0.));
#4866 = ORIENTED_EDGE('',*,*,#2821,.T.);
#4867 = ORIENTED_EDGE('',*,*,#2854,.T.);
#4868 = ORIENTED_EDGE('',*,*,#2877,.T.);
#4869 = ORIENTED_EDGE('',*,*,#2904,.T.);
#4870 = ORIENTED_EDGE('',*,*,#2927,.F.);
#4871 = ORIENTED_EDGE('',*,*,#4872,.T.);
#4872 = EDGE_CURVE('',#2928,#4873,#4875,.T.);
#4873 = VERTEX_POINT('',#4874);
#4874 = CARTESIAN_POINT('',(-68.44472221513,68.444722215136,-5.));
#4875 = CIRCLE('',#4876,1.1);
#4876 = AXIS2_PLACEMENT_3D('',#4877,#4878,#4879);
#4877 = CARTESIAN_POINT('',(-67.66690475583,67.666904755831,-5.));
#4878 = DIRECTION('',(0.,0.,1.));
#4879 = DIRECTION('',(-0.707106781187,0.707106781187,0.));
#4880 = ORIENTED_EDGE('',*,*,#4881,.T.);
#4881 = EDGE_CURVE('',#4873,#2692,#4882,.T.);
#4882 = CIRCLE('',#4883,1.1);
#4883 = AXIS2_PLACEMENT_3D('',#4884,#4885,#4886);
#4884 = CARTESIAN_POINT('',(-67.66690475583,67.666904755831,-5.));
#4885 = DIRECTION('',(0.,0.,1.));
#4886 = DIRECTION('',(-0.707106781187,0.707106781187,0.));
#4887 = ORIENTED_EDGE('',*,*,#2691,.T.);
#4888 = ORIENTED_EDGE('',*,*,#2724,.T.);
#4889 = ORIENTED_EDGE('',*,*,#2747,.T.);
#4890 = ORIENTED_EDGE('',*,*,#2774,.T.);
#4891 = ORIENTED_EDGE('',*,*,#2797,.F.);
#4892 = ORIENTED_EDGE('',*,*,#4893,.T.);
#4893 = EDGE_CURVE('',#2798,#4894,#4896,.T.);
#4894 = VERTEX_POINT('',#4895);
#4895 = CARTESIAN_POINT('',(-68.44472221513,57.555277784864,-5.));
#4896 = CIRCLE('',#4897,1.1);
#4897 = AXIS2_PLACEMENT_3D('',#4898,#4899,#4900);
#4898 = CARTESIAN_POINT('',(-67.66690475583,58.333095244169,-5.));
#4899 = DIRECTION('',(0.,0.,1.));
#4900 = DIRECTION('',(-0.707106781187,-0.707106781187,0.));
#4901 = ORIENTED_EDGE('',*,*,#4902,.T.);
#4902 = EDGE_CURVE('',#4894,#2562,#4903,.T.);
#4903 = CIRCLE('',#4904,1.1);
#4904 = AXIS2_PLACEMENT_3D('',#4905,#4906,#4907);
#4905 = CARTESIAN_POINT('',(-67.66690475583,58.333095244169,-5.));
#4906 = DIRECTION('',(0.,0.,1.));
#4907 = DIRECTION('',(-0.707106781187,-0.707106781187,0.));
#4908 = PLANE('',#4909);
#4909 = AXIS2_PLACEMENT_3D('',#4910,#4911,#4912);
#4910 = CARTESIAN_POINT('',(-46.03615168544,46.231207839075,-5.));
#4911 = DIRECTION('',(-0.,-0.,-1.));
#4912 = DIRECTION('',(-1.,0.,0.));
#4913 = ADVANCED_FACE('',(#4914,#4936),#5037,.T.);
#4914 = FACE_BOUND('',#4915,.T.);
#4915 = EDGE_LOOP('',(#4916,#4917,#4926,#4933,#4934,#4935));
#4916 = ORIENTED_EDGE('',*,*,#504,.T.);
#4917 = ORIENTED_EDGE('',*,*,#4918,.F.);
#4918 = EDGE_CURVE('',#4919,#507,#4921,.T.);
#4919 = VERTEX_POINT('',#4920);
#4920 = CARTESIAN_POINT('',(74.,63.,-5.));
#4921 = CIRCLE('',#4922,11.);
#4922 = AXIS2_PLACEMENT_3D('',#4923,#4924,#4925);
#4923 = CARTESIAN_POINT('',(63.,63.,-5.));
#4924 = DIRECTION('',(0.,0.,1.));
#4925 = DIRECTION('',(1.,0.,-0.));
#4926 = ORIENTED_EDGE('',*,*,#4927,.F.);
#4927 = EDGE_CURVE('',#606,#4919,#4928,.T.);
#4928 = CIRCLE('',#4929,11.);
#4929 = AXIS2_PLACEMENT_3D('',#4930,#4931,#4932);
#4930 = CARTESIAN_POINT('',(63.,63.,-5.));
#4931 = DIRECTION('',(0.,0.,1.));
#4932 = DIRECTION('',(1.,0.,-0.));
#4933 = ORIENTED_EDGE('',*,*,#605,.F.);
#4934 = ORIENTED_EDGE('',*,*,#574,.T.);
#4935 = ORIENTED_EDGE('',*,*,#553,.T.);
#4936 = FACE_BOUND('',#4937,.T.);
#4937 = EDGE_LOOP('',(#4938,#4939,#4940,#4941,#4942,#4943,#4952,#4959,
    #4960,#4961,#4962,#4963,#4964,#4973,#4980,#4981,#4982,#4991,#4998,
    #4999,#5000,#5009,#5016,#5017,#5018,#5019,#5020,#5021,#5030));
#4938 = ORIENTED_EDGE('',*,*,#3565,.T.);
#4939 = ORIENTED_EDGE('',*,*,#3598,.T.);
#4940 = ORIENTED_EDGE('',*,*,#3621,.T.);
#4941 = ORIENTED_EDGE('',*,*,#3648,.T.);
#4942 = ORIENTED_EDGE('',*,*,#3671,.F.);
#4943 = ORIENTED_EDGE('',*,*,#4944,.T.);
#4944 = EDGE_CURVE('',#3672,#4945,#4947,.T.);
#4945 = VERTEX_POINT('',#4946);
#4946 = CARTESIAN_POINT('',(57.555277784864,57.555277784864,-5.));
#4947 = CIRCLE('',#4948,1.1);
#4948 = AXIS2_PLACEMENT_3D('',#4949,#4950,#4951);
#4949 = CARTESIAN_POINT('',(58.333095244169,58.333095244169,-5.));
#4950 = DIRECTION('',(0.,0.,1.));
#4951 = DIRECTION('',(-0.707106781187,-0.707106781187,0.));
#4952 = ORIENTED_EDGE('',*,*,#4953,.T.);
#4953 = EDGE_CURVE('',#4945,#3938,#4954,.T.);
#4954 = CIRCLE('',#4955,1.1);
#4955 = AXIS2_PLACEMENT_3D('',#4956,#4957,#4958);
#4956 = CARTESIAN_POINT('',(58.333095244169,58.333095244169,-5.));
#4957 = DIRECTION('',(0.,0.,1.));
#4958 = DIRECTION('',(-0.707106781187,-0.707106781187,0.));
#4959 = ORIENTED_EDGE('',*,*,#3937,.T.);
#4960 = ORIENTED_EDGE('',*,*,#3970,.T.);
#4961 = ORIENTED_EDGE('',*,*,#3993,.T.);
#4962 = ORIENTED_EDGE('',*,*,#4020,.T.);
#4963 = ORIENTED_EDGE('',*,*,#4043,.F.);
#4964 = ORIENTED_EDGE('',*,*,#4965,.T.);
#4965 = EDGE_CURVE('',#4044,#4966,#4968,.T.);
#4966 = VERTEX_POINT('',#4967);
#4967 = CARTESIAN_POINT('',(68.444722215136,57.555277784864,-5.));
#4968 = CIRCLE('',#4969,1.1);
#4969 = AXIS2_PLACEMENT_3D('',#4970,#4971,#4972);
#4970 = CARTESIAN_POINT('',(67.666904755831,58.333095244169,-5.));
#4971 = DIRECTION('',(0.,0.,1.));
#4972 = DIRECTION('',(0.707106781187,-0.707106781187,0.));
#4973 = ORIENTED_EDGE('',*,*,#4974,.T.);
#4974 = EDGE_CURVE('',#4966,#3882,#4975,.T.);
#4975 = CIRCLE('',#4976,1.1);
#4976 = AXIS2_PLACEMENT_3D('',#4977,#4978,#4979);
#4977 = CARTESIAN_POINT('',(67.666904755831,58.333095244169,-5.));
#4978 = DIRECTION('',(0.,0.,1.));
#4979 = DIRECTION('',(0.707106781187,-0.707106781187,0.));
#4980 = ORIENTED_EDGE('',*,*,#3881,.T.);
#4981 = ORIENTED_EDGE('',*,*,#3914,.T.);
#4982 = ORIENTED_EDGE('',*,*,#4983,.T.);
#4983 = EDGE_CURVE('',#3915,#4984,#4986,.T.);
#4984 = VERTEX_POINT('',#4985);
#4985 = CARTESIAN_POINT('',(66.5,63.,-5.));
#4986 = CIRCLE('',#4987,3.5);
#4987 = AXIS2_PLACEMENT_3D('',#4988,#4989,#4990);
#4988 = CARTESIAN_POINT('',(63.,63.,-5.));
#4989 = DIRECTION('',(0.,0.,1.));
#4990 = DIRECTION('',(1.,0.,-0.));
#4991 = ORIENTED_EDGE('',*,*,#4992,.T.);
#4992 = EDGE_CURVE('',#4984,#3827,#4993,.T.);
#4993 = CIRCLE('',#4994,3.5);
#4994 = AXIS2_PLACEMENT_3D('',#4995,#4996,#4997);
#4995 = CARTESIAN_POINT('',(63.,63.,-5.));
#4996 = DIRECTION('',(0.,0.,1.));
#4997 = DIRECTION('',(1.,0.,-0.));
#4998 = ORIENTED_EDGE('',*,*,#3834,.T.);
#4999 = ORIENTED_EDGE('',*,*,#3857,.F.);
#5000 = ORIENTED_EDGE('',*,*,#5001,.T.);
#5001 = EDGE_CURVE('',#3858,#5002,#5004,.T.);
#5002 = VERTEX_POINT('',#5003);
#5003 = CARTESIAN_POINT('',(68.444722215136,68.444722215136,-5.));
#5004 = CIRCLE('',#5005,1.1);
#5005 = AXIS2_PLACEMENT_3D('',#5006,#5007,#5008);
#5006 = CARTESIAN_POINT('',(67.666904755831,67.666904755831,-5.));
#5007 = DIRECTION('',(0.,0.,1.));
#5008 = DIRECTION('',(0.707106781187,0.707106781187,-0.));
#5009 = ORIENTED_EDGE('',*,*,#5010,.T.);
#5010 = EDGE_CURVE('',#5002,#3696,#5011,.T.);
#5011 = CIRCLE('',#5012,1.1);
#5012 = AXIS2_PLACEMENT_3D('',#5013,#5014,#5015);
#5013 = CARTESIAN_POINT('',(67.666904755831,67.666904755831,-5.));
#5014 = DIRECTION('',(0.,0.,1.));
#5015 = DIRECTION('',(0.707106781187,0.707106781187,-0.));
#5016 = ORIENTED_EDGE('',*,*,#3695,.T.);
#5017 = ORIENTED_EDGE('',*,*,#3728,.T.);
#5018 = ORIENTED_EDGE('',*,*,#3751,.T.);
#5019 = ORIENTED_EDGE('',*,*,#3778,.T.);
#5020 = ORIENTED_EDGE('',*,*,#3801,.F.);
#5021 = ORIENTED_EDGE('',*,*,#5022,.T.);
#5022 = EDGE_CURVE('',#3802,#5023,#5025,.T.);
#5023 = VERTEX_POINT('',#5024);
#5024 = CARTESIAN_POINT('',(57.555277784864,68.444722215136,-5.));
#5025 = CIRCLE('',#5026,1.1);
#5026 = AXIS2_PLACEMENT_3D('',#5027,#5028,#5029);
#5027 = CARTESIAN_POINT('',(58.333095244169,67.666904755831,-5.));
#5028 = DIRECTION('',(0.,0.,1.));
#5029 = DIRECTION('',(-0.707106781187,0.707106781187,0.));
#5030 = ORIENTED_EDGE('',*,*,#5031,.T.);
#5031 = EDGE_CURVE('',#5023,#3566,#5032,.T.);
#5032 = CIRCLE('',#5033,1.1);
#5033 = AXIS2_PLACEMENT_3D('',#5034,#5035,#5036);
#5034 = CARTESIAN_POINT('',(58.333095244169,67.666904755831,-5.));
#5035 = DIRECTION('',(0.,0.,1.));
#5036 = DIRECTION('',(-0.707106781187,0.707106781187,0.));
#5037 = PLANE('',#5038);
#5038 = AXIS2_PLACEMENT_3D('',#5039,#5040,#5041);
#5039 = CARTESIAN_POINT('',(46.624044031981,46.615110481009,-5.));
#5040 = DIRECTION('',(-0.,-0.,-1.));
#5041 = DIRECTION('',(-1.,0.,0.));
#5042 = ADVANCED_FACE('',(#5043,#5065),#5166,.T.);
#5043 = FACE_BOUND('',#5044,.T.);
#5044 = EDGE_LOOP('',(#5045,#5046,#5055,#5062,#5063,#5064));
#5045 = ORIENTED_EDGE('',*,*,#673,.T.);
#5046 = ORIENTED_EDGE('',*,*,#5047,.F.);
#5047 = EDGE_CURVE('',#5048,#674,#5050,.T.);
#5048 = VERTEX_POINT('',#5049);
#5049 = CARTESIAN_POINT('',(74.,-63.,-5.));
#5050 = CIRCLE('',#5051,11.);
#5051 = AXIS2_PLACEMENT_3D('',#5052,#5053,#5054);
#5052 = CARTESIAN_POINT('',(63.,-63.,-5.));
#5053 = DIRECTION('',(0.,0.,1.));
#5054 = DIRECTION('',(1.,0.,-0.));
#5055 = ORIENTED_EDGE('',*,*,#5056,.F.);
#5056 = EDGE_CURVE('',#336,#5048,#5057,.T.);
#5057 = CIRCLE('',#5058,11.);
#5058 = AXIS2_PLACEMENT_3D('',#5059,#5060,#5061);
#5059 = CARTESIAN_POINT('',(63.,-63.,-5.));
#5060 = DIRECTION('',(0.,0.,1.));
#5061 = DIRECTION('',(1.,0.,-0.));
#5062 = ORIENTED_EDGE('',*,*,#333,.F.);
#5063 = ORIENTED_EDGE('',*,*,#413,.F.);
#5064 = ORIENTED_EDGE('',*,*,#382,.T.);
#5065 = FACE_BOUND('',#5066,.T.);
#5066 = EDGE_LOOP('',(#5067,#5068,#5069,#5070,#5071,#5072,#5081,#5088,
    #5089,#5090,#5091,#5092,#5093,#5102,#5109,#5110,#5111,#5112,#5113,
    #5114,#5123,#5130,#5131,#5132,#5141,#5148,#5149,#5150,#5159));
#5067 = ORIENTED_EDGE('',*,*,#3063,.T.);
#5068 = ORIENTED_EDGE('',*,*,#3096,.T.);
#5069 = ORIENTED_EDGE('',*,*,#3119,.T.);
#5070 = ORIENTED_EDGE('',*,*,#3146,.T.);
#5071 = ORIENTED_EDGE('',*,*,#3169,.F.);
#5072 = ORIENTED_EDGE('',*,*,#5073,.T.);
#5073 = EDGE_CURVE('',#3170,#5074,#5076,.T.);
#5074 = VERTEX_POINT('',#5075);
#5075 = CARTESIAN_POINT('',(57.555277784864,-57.55527778486,-5.));
#5076 = CIRCLE('',#5077,1.1);
#5077 = AXIS2_PLACEMENT_3D('',#5078,#5079,#5080);
#5078 = CARTESIAN_POINT('',(58.333095244169,-58.33309524416,-5.));
#5079 = DIRECTION('',(0.,0.,1.));
#5080 = DIRECTION('',(-0.707106781187,0.707106781187,0.));
#5081 = ORIENTED_EDGE('',*,*,#5082,.T.);
#5082 = EDGE_CURVE('',#5074,#3436,#5083,.T.);
#5083 = CIRCLE('',#5084,1.1);
#5084 = AXIS2_PLACEMENT_3D('',#5085,#5086,#5087);
#5085 = CARTESIAN_POINT('',(58.333095244169,-58.33309524416,-5.));
#5086 = DIRECTION('',(0.,0.,1.));
#5087 = DIRECTION('',(-0.707106781187,0.707106781187,0.));
#5088 = ORIENTED_EDGE('',*,*,#3435,.T.);
#5089 = ORIENTED_EDGE('',*,*,#3468,.T.);
#5090 = ORIENTED_EDGE('',*,*,#3491,.T.);
#5091 = ORIENTED_EDGE('',*,*,#3518,.T.);
#5092 = ORIENTED_EDGE('',*,*,#3541,.F.);
#5093 = ORIENTED_EDGE('',*,*,#5094,.T.);
#5094 = EDGE_CURVE('',#3542,#5095,#5097,.T.);
#5095 = VERTEX_POINT('',#5096);
#5096 = CARTESIAN_POINT('',(57.555277784864,-68.44472221513,-5.));
#5097 = CIRCLE('',#5098,1.1);
#5098 = AXIS2_PLACEMENT_3D('',#5099,#5100,#5101);
#5099 = CARTESIAN_POINT('',(58.333095244169,-67.66690475583,-5.));
#5100 = DIRECTION('',(0.,0.,1.));
#5101 = DIRECTION('',(-0.707106781187,-0.707106781187,0.));
#5102 = ORIENTED_EDGE('',*,*,#5103,.T.);
#5103 = EDGE_CURVE('',#5095,#3306,#5104,.T.);
#5104 = CIRCLE('',#5105,1.1);
#5105 = AXIS2_PLACEMENT_3D('',#5106,#5107,#5108);
#5106 = CARTESIAN_POINT('',(58.333095244169,-67.66690475583,-5.));
#5107 = DIRECTION('',(0.,0.,1.));
#5108 = DIRECTION('',(-0.707106781187,-0.707106781187,0.));
#5109 = ORIENTED_EDGE('',*,*,#3305,.T.);
#5110 = ORIENTED_EDGE('',*,*,#3338,.T.);
#5111 = ORIENTED_EDGE('',*,*,#3361,.T.);
#5112 = ORIENTED_EDGE('',*,*,#3388,.T.);
#5113 = ORIENTED_EDGE('',*,*,#3411,.F.);
#5114 = ORIENTED_EDGE('',*,*,#5115,.T.);
#5115 = EDGE_CURVE('',#3412,#5116,#5118,.T.);
#5116 = VERTEX_POINT('',#5117);
#5117 = CARTESIAN_POINT('',(68.444722215136,-68.44472221513,-5.));
#5118 = CIRCLE('',#5119,1.1);
#5119 = AXIS2_PLACEMENT_3D('',#5120,#5121,#5122);
#5120 = CARTESIAN_POINT('',(67.666904755831,-67.66690475583,-5.));
#5121 = DIRECTION('',(0.,0.,1.));
#5122 = DIRECTION('',(0.707106781187,-0.707106781187,0.));
#5123 = ORIENTED_EDGE('',*,*,#5124,.T.);
#5124 = EDGE_CURVE('',#5116,#3250,#5125,.T.);
#5125 = CIRCLE('',#5126,1.1);
#5126 = AXIS2_PLACEMENT_3D('',#5127,#5128,#5129);
#5127 = CARTESIAN_POINT('',(67.666904755831,-67.66690475583,-5.));
#5128 = DIRECTION('',(0.,0.,1.));
#5129 = DIRECTION('',(0.707106781187,-0.707106781187,0.));
#5130 = ORIENTED_EDGE('',*,*,#3249,.T.);
#5131 = ORIENTED_EDGE('',*,*,#3282,.T.);
#5132 = ORIENTED_EDGE('',*,*,#5133,.T.);
#5133 = EDGE_CURVE('',#3283,#5134,#5136,.T.);
#5134 = VERTEX_POINT('',#5135);
#5135 = CARTESIAN_POINT('',(66.5,-63.,-5.));
#5136 = CIRCLE('',#5137,3.5);
#5137 = AXIS2_PLACEMENT_3D('',#5138,#5139,#5140);
#5138 = CARTESIAN_POINT('',(63.,-63.,-5.));
#5139 = DIRECTION('',(0.,0.,1.));
#5140 = DIRECTION('',(1.,0.,-0.));
#5141 = ORIENTED_EDGE('',*,*,#5142,.T.);
#5142 = EDGE_CURVE('',#5134,#3195,#5143,.T.);
#5143 = CIRCLE('',#5144,3.5);
#5144 = AXIS2_PLACEMENT_3D('',#5145,#5146,#5147);
#5145 = CARTESIAN_POINT('',(63.,-63.,-5.));
#5146 = DIRECTION('',(0.,0.,1.));
#5147 = DIRECTION('',(1.,0.,-0.));
#5148 = ORIENTED_EDGE('',*,*,#3202,.T.);
#5149 = ORIENTED_EDGE('',*,*,#3225,.F.);
#5150 = ORIENTED_EDGE('',*,*,#5151,.T.);
#5151 = EDGE_CURVE('',#3226,#5152,#5154,.T.);
#5152 = VERTEX_POINT('',#5153);
#5153 = CARTESIAN_POINT('',(68.444722215136,-57.55527778486,-5.));
#5154 = CIRCLE('',#5155,1.1);
#5155 = AXIS2_PLACEMENT_3D('',#5156,#5157,#5158);
#5156 = CARTESIAN_POINT('',(67.666904755831,-58.33309524416,-5.));
#5157 = DIRECTION('',(0.,0.,1.));
#5158 = DIRECTION('',(0.707106781187,0.707106781187,-0.));
#5159 = ORIENTED_EDGE('',*,*,#5160,.T.);
#5160 = EDGE_CURVE('',#5152,#3064,#5161,.T.);
#5161 = CIRCLE('',#5162,1.1);
#5162 = AXIS2_PLACEMENT_3D('',#5163,#5164,#5165);
#5163 = CARTESIAN_POINT('',(67.666904755831,-58.33309524416,-5.));
#5164 = DIRECTION('',(0.,0.,1.));
#5165 = DIRECTION('',(0.707106781187,0.707106781187,-0.));
#5166 = PLANE('',#5167);
#5167 = AXIS2_PLACEMENT_3D('',#5168,#5169,#5170);
#5168 = CARTESIAN_POINT('',(48.315043113731,-47.8043435181,-5.));
#5169 = DIRECTION('',(-0.,-0.,-1.));
#5170 = DIRECTION('',(-1.,0.,0.));
#5171 = ADVANCED_FACE('',(#5172),#5180,.T.);
#5172 = FACE_BOUND('',#5173,.T.);
#5173 = EDGE_LOOP('',(#5174,#5175,#5176,#5177,#5178,#5179));
#5174 = ORIENTED_EDGE('',*,*,#765,.F.);
#5175 = ORIENTED_EDGE('',*,*,#187,.F.);
#5176 = ORIENTED_EDGE('',*,*,#4669,.T.);
#5177 = ORIENTED_EDGE('',*,*,#4660,.T.);
#5178 = ORIENTED_EDGE('',*,*,#55,.T.);
#5179 = ORIENTED_EDGE('',*,*,#774,.F.);
#5180 = CYLINDRICAL_SURFACE('',#5181,11.);
#5181 = AXIS2_PLACEMENT_3D('',#5182,#5183,#5184);
#5182 = CARTESIAN_POINT('',(-63.,-63.,-5.));
#5183 = DIRECTION('',(0.,0.,1.));
#5184 = DIRECTION('',(1.,0.,-0.));
#5185 = ADVANCED_FACE('',(#5186),#5194,.F.);
#5186 = FACE_BOUND('',#5187,.F.);
#5187 = EDGE_LOOP('',(#5188,#5189,#5190,#5191,#5192,#5193));
#5188 = ORIENTED_EDGE('',*,*,#2506,.T.);
#5189 = ORIENTED_EDGE('',*,*,#1011,.F.);
#5190 = ORIENTED_EDGE('',*,*,#1020,.F.);
#5191 = ORIENTED_EDGE('',*,*,#2101,.F.);
#5192 = ORIENTED_EDGE('',*,*,#4683,.T.);
#5193 = ORIENTED_EDGE('',*,*,#4692,.T.);
#5194 = CYLINDRICAL_SURFACE('',#5195,3.5);
#5195 = AXIS2_PLACEMENT_3D('',#5196,#5197,#5198);
#5196 = CARTESIAN_POINT('',(-63.,-63.,-6.));
#5197 = DIRECTION('',(0.,0.,1.));
#5198 = DIRECTION('',(1.,0.,-0.));
#5199 = ADVANCED_FACE('',(#5200),#5208,.F.);
#5200 = FACE_BOUND('',#5201,.F.);
#5201 = EDGE_LOOP('',(#5202,#5203,#5204,#5205,#5206,#5207));
#5202 = ORIENTED_EDGE('',*,*,#2392,.T.);
#5203 = ORIENTED_EDGE('',*,*,#976,.F.);
#5204 = ORIENTED_EDGE('',*,*,#985,.F.);
#5205 = ORIENTED_EDGE('',*,*,#2547,.F.);
#5206 = ORIENTED_EDGE('',*,*,#4701,.T.);
#5207 = ORIENTED_EDGE('',*,*,#4710,.T.);
#5208 = CYLINDRICAL_SURFACE('',#5209,1.1);
#5209 = AXIS2_PLACEMENT_3D('',#5210,#5211,#5212);
#5210 = CARTESIAN_POINT('',(-58.33309524416,-58.33309524416,-6.));
#5211 = DIRECTION('',(0.,0.,1.));
#5212 = DIRECTION('',(0.707106781187,0.707106781187,0.));
#5213 = ADVANCED_FACE('',(#5214),#5222,.F.);
#5214 = FACE_BOUND('',#5215,.F.);
#5215 = EDGE_LOOP('',(#5216,#5217,#5218,#5219,#5220,#5221));
#5216 = ORIENTED_EDGE('',*,*,#2262,.T.);
#5217 = ORIENTED_EDGE('',*,*,#915,.F.);
#5218 = ORIENTED_EDGE('',*,*,#924,.F.);
#5219 = ORIENTED_EDGE('',*,*,#2491,.F.);
#5220 = ORIENTED_EDGE('',*,*,#4722,.T.);
#5221 = ORIENTED_EDGE('',*,*,#4731,.T.);
#5222 = CYLINDRICAL_SURFACE('',#5223,1.1);
#5223 = AXIS2_PLACEMENT_3D('',#5224,#5225,#5226);
#5224 = CARTESIAN_POINT('',(-67.66690475583,-58.33309524416,-6.));
#5225 = DIRECTION('',(0.,0.,1.));
#5226 = DIRECTION('',(-0.707106781187,0.707106781187,0.));
#5227 = ADVANCED_FACE('',(#5228),#5236,.F.);
#5228 = FACE_BOUND('',#5229,.F.);
#5229 = EDGE_LOOP('',(#5230,#5231,#5232,#5233,#5234,#5235));
#5230 = ORIENTED_EDGE('',*,*,#2132,.T.);
#5231 = ORIENTED_EDGE('',*,*,#854,.F.);
#5232 = ORIENTED_EDGE('',*,*,#863,.F.);
#5233 = ORIENTED_EDGE('',*,*,#2361,.F.);
#5234 = ORIENTED_EDGE('',*,*,#4743,.T.);
#5235 = ORIENTED_EDGE('',*,*,#4752,.T.);
#5236 = CYLINDRICAL_SURFACE('',#5237,1.1);
#5237 = AXIS2_PLACEMENT_3D('',#5238,#5239,#5240);
#5238 = CARTESIAN_POINT('',(-67.66690475583,-67.66690475583,-6.));
#5239 = DIRECTION('',(0.,0.,1.));
#5240 = DIRECTION('',(-0.707106781187,-0.707106781187,0.));
#5241 = ADVANCED_FACE('',(#5242),#5250,.F.);
#5242 = FACE_BOUND('',#5243,.F.);
#5243 = EDGE_LOOP('',(#5244,#5245,#5246,#5247,#5248,#5249));
#5244 = ORIENTED_EDGE('',*,*,#2076,.T.);
#5245 = ORIENTED_EDGE('',*,*,#793,.F.);
#5246 = ORIENTED_EDGE('',*,*,#802,.F.);
#5247 = ORIENTED_EDGE('',*,*,#2231,.F.);
#5248 = ORIENTED_EDGE('',*,*,#4764,.T.);
#5249 = ORIENTED_EDGE('',*,*,#4773,.T.);
#5250 = CYLINDRICAL_SURFACE('',#5251,1.1);
#5251 = AXIS2_PLACEMENT_3D('',#5252,#5253,#5254);
#5252 = CARTESIAN_POINT('',(-58.33309524416,-67.66690475583,-6.));
#5253 = DIRECTION('',(0.,0.,1.));
#5254 = DIRECTION('',(0.707106781187,-0.707106781187,0.));
#5255 = ADVANCED_FACE('',(#5256),#5264,.T.);
#5256 = FACE_BOUND('',#5257,.T.);
#5257 = EDGE_LOOP('',(#5258,#5259,#5260,#5261,#5262,#5263));
#5258 = ORIENTED_EDGE('',*,*,#746,.F.);
#5259 = ORIENTED_EDGE('',*,*,#459,.F.);
#5260 = ORIENTED_EDGE('',*,*,#4798,.T.);
#5261 = ORIENTED_EDGE('',*,*,#4789,.T.);
#5262 = ORIENTED_EDGE('',*,*,#257,.T.);
#5263 = ORIENTED_EDGE('',*,*,#755,.F.);
#5264 = CYLINDRICAL_SURFACE('',#5265,11.);
#5265 = AXIS2_PLACEMENT_3D('',#5266,#5267,#5268);
#5266 = CARTESIAN_POINT('',(-63.,63.,-5.));
#5267 = DIRECTION('',(0.,0.,1.));
#5268 = DIRECTION('',(1.,0.,-0.));
#5269 = ADVANCED_FACE('',(#5270),#5278,.T.);
#5270 = FACE_BOUND('',#5271,.T.);
#5271 = EDGE_LOOP('',(#5272,#5273,#5274,#5275,#5276,#5277));
#5272 = ORIENTED_EDGE('',*,*,#5047,.T.);
#5273 = ORIENTED_EDGE('',*,*,#691,.T.);
#5274 = ORIENTED_EDGE('',*,*,#717,.F.);
#5275 = ORIENTED_EDGE('',*,*,#708,.F.);
#5276 = ORIENTED_EDGE('',*,*,#358,.F.);
#5277 = ORIENTED_EDGE('',*,*,#5056,.T.);
#5278 = CYLINDRICAL_SURFACE('',#5279,11.);
#5279 = AXIS2_PLACEMENT_3D('',#5280,#5281,#5282);
#5280 = CARTESIAN_POINT('',(63.,-63.,-5.));
#5281 = DIRECTION('',(0.,0.,1.));
#5282 = DIRECTION('',(1.,0.,-0.));
#5283 = ADVANCED_FACE('',(#5284),#5292,.F.);
#5284 = FACE_BOUND('',#5285,.F.);
#5285 = EDGE_LOOP('',(#5286,#5287,#5288,#5289,#5290,#5291));
#5286 = ORIENTED_EDGE('',*,*,#2952,.T.);
#5287 = ORIENTED_EDGE('',*,*,#1205,.F.);
#5288 = ORIENTED_EDGE('',*,*,#1214,.F.);
#5289 = ORIENTED_EDGE('',*,*,#3049,.F.);
#5290 = ORIENTED_EDGE('',*,*,#4833,.T.);
#5291 = ORIENTED_EDGE('',*,*,#4842,.T.);
#5292 = CYLINDRICAL_SURFACE('',#5293,3.5);
#5293 = AXIS2_PLACEMENT_3D('',#5294,#5295,#5296);
#5294 = CARTESIAN_POINT('',(-63.,63.,-6.));
#5295 = DIRECTION('',(0.,0.,1.));
#5296 = DIRECTION('',(1.,0.,-0.));
#5297 = ADVANCED_FACE('',(#5298),#5306,.F.);
#5298 = FACE_BOUND('',#5299,.F.);
#5299 = EDGE_LOOP('',(#5300,#5301,#5302,#5303,#5304,#5305));
#5300 = ORIENTED_EDGE('',*,*,#3024,.T.);
#5301 = ORIENTED_EDGE('',*,*,#1240,.F.);
#5302 = ORIENTED_EDGE('',*,*,#1249,.F.);
#5303 = ORIENTED_EDGE('',*,*,#2677,.F.);
#5304 = ORIENTED_EDGE('',*,*,#4815,.T.);
#5305 = ORIENTED_EDGE('',*,*,#4824,.T.);
#5306 = CYLINDRICAL_SURFACE('',#5307,1.1);
#5307 = AXIS2_PLACEMENT_3D('',#5308,#5309,#5310);
#5308 = CARTESIAN_POINT('',(-58.33309524416,58.333095244169,-6.));
#5309 = DIRECTION('',(0.,0.,1.));
#5310 = DIRECTION('',(0.707106781187,-0.707106781187,0.));
#5311 = ADVANCED_FACE('',(#5312),#5320,.T.);
#5312 = FACE_BOUND('',#5313,.T.);
#5313 = EDGE_LOOP('',(#5314,#5315,#5316,#5317,#5318,#5319));
#5314 = ORIENTED_EDGE('',*,*,#727,.F.);
#5315 = ORIENTED_EDGE('',*,*,#630,.F.);
#5316 = ORIENTED_EDGE('',*,*,#4927,.T.);
#5317 = ORIENTED_EDGE('',*,*,#4918,.T.);
#5318 = ORIENTED_EDGE('',*,*,#529,.T.);
#5319 = ORIENTED_EDGE('',*,*,#736,.F.);
#5320 = CYLINDRICAL_SURFACE('',#5321,11.);
#5321 = AXIS2_PLACEMENT_3D('',#5322,#5323,#5324);
#5322 = CARTESIAN_POINT('',(63.,63.,-5.));
#5323 = DIRECTION('',(0.,0.,1.));
#5324 = DIRECTION('',(1.,0.,-0.));
#5325 = ADVANCED_FACE('',(#5326),#5334,.F.);
#5326 = FACE_BOUND('',#5327,.F.);
#5327 = EDGE_LOOP('',(#5328,#5329,#5330,#5331,#5332,#5333));
#5328 = ORIENTED_EDGE('',*,*,#3194,.T.);
#5329 = ORIENTED_EDGE('',*,*,#1338,.F.);
#5330 = ORIENTED_EDGE('',*,*,#1347,.F.);
#5331 = ORIENTED_EDGE('',*,*,#3291,.F.);
#5332 = ORIENTED_EDGE('',*,*,#5133,.T.);
#5333 = ORIENTED_EDGE('',*,*,#5142,.T.);
#5334 = CYLINDRICAL_SURFACE('',#5335,3.5);
#5335 = AXIS2_PLACEMENT_3D('',#5336,#5337,#5338);
#5336 = CARTESIAN_POINT('',(63.,-63.,-6.));
#5337 = DIRECTION('',(0.,0.,1.));
#5338 = DIRECTION('',(1.,0.,-0.));
#5339 = ADVANCED_FACE('',(#5340),#5348,.F.);
#5340 = FACE_BOUND('',#5341,.F.);
#5341 = EDGE_LOOP('',(#5342,#5343,#5344,#5345,#5346,#5347));
#5342 = ORIENTED_EDGE('',*,*,#3452,.T.);
#5343 = ORIENTED_EDGE('',*,*,#1495,.F.);
#5344 = ORIENTED_EDGE('',*,*,#1504,.F.);
#5345 = ORIENTED_EDGE('',*,*,#3179,.F.);
#5346 = ORIENTED_EDGE('',*,*,#5073,.T.);
#5347 = ORIENTED_EDGE('',*,*,#5082,.T.);
#5348 = CYLINDRICAL_SURFACE('',#5349,1.1);
#5349 = AXIS2_PLACEMENT_3D('',#5350,#5351,#5352);
#5350 = CARTESIAN_POINT('',(58.333095244169,-58.33309524416,-6.));
#5351 = DIRECTION('',(0.,0.,1.));
#5352 = DIRECTION('',(-0.707106781187,0.707106781187,0.));
#5353 = ADVANCED_FACE('',(#5354),#5362,.F.);
#5354 = FACE_BOUND('',#5355,.F.);
#5355 = EDGE_LOOP('',(#5356,#5357,#5358,#5359,#5360,#5361));
#5356 = ORIENTED_EDGE('',*,*,#2838,.T.);
#5357 = ORIENTED_EDGE('',*,*,#1170,.F.);
#5358 = ORIENTED_EDGE('',*,*,#1179,.F.);
#5359 = ORIENTED_EDGE('',*,*,#2993,.F.);
#5360 = ORIENTED_EDGE('',*,*,#4851,.T.);
#5361 = ORIENTED_EDGE('',*,*,#4860,.T.);
#5362 = CYLINDRICAL_SURFACE('',#5363,1.1);
#5363 = AXIS2_PLACEMENT_3D('',#5364,#5365,#5366);
#5364 = CARTESIAN_POINT('',(-58.33309524416,67.666904755831,-6.));
#5365 = DIRECTION('',(0.,0.,1.));
#5366 = DIRECTION('',(0.707106781187,0.707106781187,0.));
#5367 = ADVANCED_FACE('',(#5368),#5376,.F.);
#5368 = FACE_BOUND('',#5369,.F.);
#5369 = EDGE_LOOP('',(#5370,#5371,#5372,#5373,#5374,#5375));
#5370 = ORIENTED_EDGE('',*,*,#2708,.T.);
#5371 = ORIENTED_EDGE('',*,*,#1109,.F.);
#5372 = ORIENTED_EDGE('',*,*,#1118,.F.);
#5373 = ORIENTED_EDGE('',*,*,#2937,.F.);
#5374 = ORIENTED_EDGE('',*,*,#4872,.T.);
#5375 = ORIENTED_EDGE('',*,*,#4881,.T.);
#5376 = CYLINDRICAL_SURFACE('',#5377,1.1);
#5377 = AXIS2_PLACEMENT_3D('',#5378,#5379,#5380);
#5378 = CARTESIAN_POINT('',(-67.66690475583,67.666904755831,-6.));
#5379 = DIRECTION('',(0.,0.,1.));
#5380 = DIRECTION('',(-0.707106781187,0.707106781187,0.));
#5381 = ADVANCED_FACE('',(#5382),#5390,.F.);
#5382 = FACE_BOUND('',#5383,.F.);
#5383 = EDGE_LOOP('',(#5384,#5385,#5386,#5387,#5388,#5389));
#5384 = ORIENTED_EDGE('',*,*,#2578,.T.);
#5385 = ORIENTED_EDGE('',*,*,#1048,.F.);
#5386 = ORIENTED_EDGE('',*,*,#1057,.F.);
#5387 = ORIENTED_EDGE('',*,*,#2807,.F.);
#5388 = ORIENTED_EDGE('',*,*,#4893,.T.);
#5389 = ORIENTED_EDGE('',*,*,#4902,.T.);
#5390 = CYLINDRICAL_SURFACE('',#5391,1.1);
#5391 = AXIS2_PLACEMENT_3D('',#5392,#5393,#5394);
#5392 = CARTESIAN_POINT('',(-67.66690475583,58.333095244169,-6.));
#5393 = DIRECTION('',(0.,0.,1.));
#5394 = DIRECTION('',(-0.707106781187,-0.707106781187,0.));
#5395 = ADVANCED_FACE('',(#5396),#5404,.F.);
#5396 = FACE_BOUND('',#5397,.F.);
#5397 = EDGE_LOOP('',(#5398,#5399,#5400,#5401,#5402,#5403));
#5398 = ORIENTED_EDGE('',*,*,#3826,.T.);
#5399 = ORIENTED_EDGE('',*,*,#1654,.F.);
#5400 = ORIENTED_EDGE('',*,*,#1663,.F.);
#5401 = ORIENTED_EDGE('',*,*,#3923,.F.);
#5402 = ORIENTED_EDGE('',*,*,#4983,.T.);
#5403 = ORIENTED_EDGE('',*,*,#4992,.T.);
#5404 = CYLINDRICAL_SURFACE('',#5405,3.5);
#5405 = AXIS2_PLACEMENT_3D('',#5406,#5407,#5408);
#5406 = CARTESIAN_POINT('',(63.,63.,-6.));
#5407 = DIRECTION('',(0.,0.,1.));
#5408 = DIRECTION('',(1.,0.,-0.));
#5409 = ADVANCED_FACE('',(#5410),#5418,.F.);
#5410 = FACE_BOUND('',#5411,.F.);
#5411 = EDGE_LOOP('',(#5412,#5413,#5414,#5415,#5416,#5417));
#5412 = ORIENTED_EDGE('',*,*,#3954,.T.);
#5413 = ORIENTED_EDGE('',*,*,#1750,.F.);
#5414 = ORIENTED_EDGE('',*,*,#1759,.F.);
#5415 = ORIENTED_EDGE('',*,*,#3681,.F.);
#5416 = ORIENTED_EDGE('',*,*,#4944,.T.);
#5417 = ORIENTED_EDGE('',*,*,#4953,.T.);
#5418 = CYLINDRICAL_SURFACE('',#5419,1.1);
#5419 = AXIS2_PLACEMENT_3D('',#5420,#5421,#5422);
#5420 = CARTESIAN_POINT('',(58.333095244169,58.333095244169,-6.));
#5421 = DIRECTION('',(0.,0.,1.));
#5422 = DIRECTION('',(-0.707106781187,-0.707106781187,0.));
#5423 = ADVANCED_FACE('',(#5424),#5432,.F.);
#5424 = FACE_BOUND('',#5425,.F.);
#5425 = EDGE_LOOP('',(#5426,#5427,#5428,#5429,#5430,#5431));
#5426 = ORIENTED_EDGE('',*,*,#3322,.T.);
#5427 = ORIENTED_EDGE('',*,*,#1434,.F.);
#5428 = ORIENTED_EDGE('',*,*,#1443,.F.);
#5429 = ORIENTED_EDGE('',*,*,#3551,.F.);
#5430 = ORIENTED_EDGE('',*,*,#5094,.T.);
#5431 = ORIENTED_EDGE('',*,*,#5103,.T.);
#5432 = CYLINDRICAL_SURFACE('',#5433,1.1);
#5433 = AXIS2_PLACEMENT_3D('',#5434,#5435,#5436);
#5434 = CARTESIAN_POINT('',(58.333095244169,-67.66690475583,-6.));
#5435 = DIRECTION('',(0.,0.,1.));
#5436 = DIRECTION('',(-0.707106781187,-0.707106781187,0.));
#5437 = ADVANCED_FACE('',(#5438),#5446,.F.);
#5438 = FACE_BOUND('',#5439,.F.);
#5439 = EDGE_LOOP('',(#5440,#5441,#5442,#5443,#5444,#5445));
#5440 = ORIENTED_EDGE('',*,*,#3266,.T.);
#5441 = ORIENTED_EDGE('',*,*,#1373,.F.);
#5442 = ORIENTED_EDGE('',*,*,#1382,.F.);
#5443 = ORIENTED_EDGE('',*,*,#3421,.F.);
#5444 = ORIENTED_EDGE('',*,*,#5115,.T.);
#5445 = ORIENTED_EDGE('',*,*,#5124,.T.);
#5446 = CYLINDRICAL_SURFACE('',#5447,1.1);
#5447 = AXIS2_PLACEMENT_3D('',#5448,#5449,#5450);
#5448 = CARTESIAN_POINT('',(67.666904755831,-67.66690475583,-6.));
#5449 = DIRECTION('',(0.,0.,1.));
#5450 = DIRECTION('',(0.707106781187,-0.707106781187,0.));
#5451 = ADVANCED_FACE('',(#5452),#5460,.F.);
#5452 = FACE_BOUND('',#5453,.F.);
#5453 = EDGE_LOOP('',(#5454,#5455,#5456,#5457,#5458,#5459));
#5454 = ORIENTED_EDGE('',*,*,#3080,.T.);
#5455 = ORIENTED_EDGE('',*,*,#1303,.F.);
#5456 = ORIENTED_EDGE('',*,*,#1312,.F.);
#5457 = ORIENTED_EDGE('',*,*,#3235,.F.);
#5458 = ORIENTED_EDGE('',*,*,#5151,.T.);
#5459 = ORIENTED_EDGE('',*,*,#5160,.T.);
#5460 = CYLINDRICAL_SURFACE('',#5461,1.1);
#5461 = AXIS2_PLACEMENT_3D('',#5462,#5463,#5464);
#5462 = CARTESIAN_POINT('',(67.666904755831,-58.33309524416,-6.));
#5463 = DIRECTION('',(0.,0.,1.));
#5464 = DIRECTION('',(0.707106781187,0.707106781187,0.));
#5465 = ADVANCED_FACE('',(#5466),#5474,.F.);
#5466 = FACE_BOUND('',#5467,.F.);
#5467 = EDGE_LOOP('',(#5468,#5469,#5470,#5471,#5472,#5473));
#5468 = ORIENTED_EDGE('',*,*,#3898,.T.);
#5469 = ORIENTED_EDGE('',*,*,#1689,.F.);
#5470 = ORIENTED_EDGE('',*,*,#1698,.F.);
#5471 = ORIENTED_EDGE('',*,*,#4053,.F.);
#5472 = ORIENTED_EDGE('',*,*,#4965,.T.);
#5473 = ORIENTED_EDGE('',*,*,#4974,.T.);
#5474 = CYLINDRICAL_SURFACE('',#5475,1.1);
#5475 = AXIS2_PLACEMENT_3D('',#5476,#5477,#5478);
#5476 = CARTESIAN_POINT('',(67.666904755831,58.333095244169,-6.));
#5477 = DIRECTION('',(0.,0.,1.));
#5478 = DIRECTION('',(0.707106781187,-0.707106781187,0.));
#5479 = ADVANCED_FACE('',(#5480),#5488,.F.);
#5480 = FACE_BOUND('',#5481,.F.);
#5481 = EDGE_LOOP('',(#5482,#5483,#5484,#5485,#5486,#5487));
#5482 = ORIENTED_EDGE('',*,*,#3712,.T.);
#5483 = ORIENTED_EDGE('',*,*,#1619,.F.);
#5484 = ORIENTED_EDGE('',*,*,#1628,.F.);
#5485 = ORIENTED_EDGE('',*,*,#3867,.F.);
#5486 = ORIENTED_EDGE('',*,*,#5001,.T.);
#5487 = ORIENTED_EDGE('',*,*,#5010,.T.);
#5488 = CYLINDRICAL_SURFACE('',#5489,1.1);
#5489 = AXIS2_PLACEMENT_3D('',#5490,#5491,#5492);
#5490 = CARTESIAN_POINT('',(67.666904755831,67.666904755831,-6.));
#5491 = DIRECTION('',(0.,0.,1.));
#5492 = DIRECTION('',(0.707106781187,0.707106781187,0.));
#5493 = ADVANCED_FACE('',(#5494),#5502,.F.);
#5494 = FACE_BOUND('',#5495,.F.);
#5495 = EDGE_LOOP('',(#5496,#5497,#5498,#5499,#5500,#5501));
#5496 = ORIENTED_EDGE('',*,*,#3582,.T.);
#5497 = ORIENTED_EDGE('',*,*,#1558,.F.);
#5498 = ORIENTED_EDGE('',*,*,#1567,.F.);
#5499 = ORIENTED_EDGE('',*,*,#3811,.F.);
#5500 = ORIENTED_EDGE('',*,*,#5022,.T.);
#5501 = ORIENTED_EDGE('',*,*,#5031,.T.);
#5502 = CYLINDRICAL_SURFACE('',#5503,1.1);
#5503 = AXIS2_PLACEMENT_3D('',#5504,#5505,#5506);
#5504 = CARTESIAN_POINT('',(58.333095244169,67.666904755831,-6.));
#5505 = DIRECTION('',(0.,0.,1.));
#5506 = DIRECTION('',(-0.707106781187,0.707106781187,0.));
#5507 = ( GEOMETRIC_REPRESENTATION_CONTEXT(3) 
GLOBAL_UNCERTAINTY_ASSIGNED_CONTEXT((#5511)) 
GLOBAL_UNIT_ASSIGNED_CONTEXT((#5508,#5509,#5510)) REPRESENTATION_CONTEXT
('Context #1','3D Context with UNIT and UNCERTAINTY') );
#5508 = ( LENGTH_UNIT() NAMED_UNIT(*) SI_UNIT(.MILLI.,.METRE.) );
#5509 = ( NAMED_UNIT(*) PLANE_ANGLE_UNIT() SI_UNIT($,.RADIAN.) );
#5510 = ( NAMED_UNIT(*) SI_UNIT($,.STERADIAN.) SOLID_ANGLE_UNIT() );
#5511 = UNCERTAINTY_MEASURE_WITH_UNIT(LENGTH_MEASURE(1.E-07),#5508,
  'distance_accuracy_value','confusion accuracy');
#5512 = PRODUCT_RELATED_PRODUCT_CATEGORY('part',$,(#7));
ENDSEC;
END-ISO-10303-21;
